x,y,z,x_quat,y_quat,z_quat,w_quat,speed
89633.82513892684,43127.717903947334,6.5,0.0,0.0,0.9043778111673813,0.426732673541758,6.829855244038635
89633.39138634376,43128.244476720196,6.5,0.0,0.0,0.9003756560941253,0.43511340810537374,6.859732437727883
89632.94975751951,43128.82176744809,6.5,0.0,0.0,0.8934500118248417,0.4491626391076958,6.902735594434539
89632.54444933565,43129.384044823295,6.5,0.0,0.0,0.8878143932054645,0.4602016984075708,6.945363425504717
89632.168317289,43129.929539729164,6.5,0.0,0.0,0.8842309209765156,0.4670499741880125,7.01004900052239
89631.77119228577,43130.51700027121,6.5,0.0,0.0,0.8835274267731346,0.4683794254017178,7.086730666459283
89631.36730543902,43131.11077678085,6.5,0.0,0.0,0.8845542184034254,0.4664373856207338,7.146824188335002
89630.95733493431,43131.70590155184,6.5,0.0,0.0,0.8862080685691823,0.4632874477070142,7.196207194325135
89630.53876714046,43132.30283786468,6.5,0.0,0.0,0.8877706071284261,0.460286160033979,7.262061773387019
89630.11400663771,43132.901889621455,6.5,0.0,0.0,0.8879517360388217,0.4599366417949788,7.313473324917277
89629.6857728744,43133.51051394456,6.5,0.0,0.0,0.8866852574205604,0.4623735008335087,7.362837636420094
89629.26073714967,43134.12414710405,6.5,0.0,0.0,0.8845243222036668,0.4664940765220323,7.431349060457114
89628.8417181903,43134.743867312565,6.5,0.0,0.0,0.8813549707100803,0.47245467042313544,7.495424775790921
89628.42798006366,43135.376954490144,6.5,0.0,0.0,0.8783357673842135,0.4780442236170048,7.534486321448474
89628.00123761152,43136.043822948326,6.5,0.0,0.0,0.8766111754704495,0.48119938387358385,7.563258494990942
89627.61371893453,43136.65644469734,6.5,0.0,0.0,0.8765066165397338,0.48138981206717285,7.628857324622828
89627.17892709307,43137.33720189679,6.5,0.0,0.0,0.8782236679715894,0.4782501322681757,7.692209953532523
89626.75497416823,43137.98601610695,6.5,0.0,0.0,0.8811960728149685,0.4727509717128848,7.730231084583923
89626.34015030753,43138.6009077904,6.5,0.0,0.0,0.8851825865044965,0.4652437947455178,7.7845425416258305
89625.88811398252,43139.2450447067,6.5,0.0,0.0,0.8892448371552052,0.4574315463463495,7.836841545639563
89625.42147988363,43139.886129181854,6.5,0.0,0.0,0.8923540683785878,0.45133603517576876,7.894735628733524
89624.94849065402,43140.52226419682,6.5,0.0,0.0,0.8939752874330987,0.4481162633278428,7.946393704306776
89624.46951674024,43141.16076654928,6.5,0.0,0.0,0.8942203771707475,0.4476269842766475,8.00054133648027
89623.98634201562,43141.80760287508,6.5,0.0,0.0,0.8931145151152868,0.44982937086231484,8.054196417469532
89623.50558997244,43142.46179846099,6.5,0.0,0.0,0.8910543950989496,0.45389653553959314,8.09347146617247
89623.00745023915,43143.15433441018,6.5,0.0,0.0,0.8895101007249204,0.4569155071874251,8.136979838840356
89622.55073371808,43143.79437242632,6.5,0.0,0.0,0.8899313978149799,0.4560944059984469,8.19041669967329
89622.06497076472,43144.464521168804,6.5,0.0,0.0,0.8928210353885391,0.450411588181007,8.23579697518439
89621.5659132344,43145.127235127264,6.5,0.0,0.0,0.8979842114466665,0.44002767639377915,8.274392874950474
89620.94393785356,43145.910336479974,6.5,0.0,0.0,0.9037306728136378,0.4281014728026633,8.32368580226708
89620.29557152385,43146.678972771784,6.5,0.0,0.0,0.9098673128072744,0.41489935295788255,8.360422024268773
89619.62208351395,43147.4323479966,6.5,0.0,0.0,0.9144609638000882,0.40467412282701465,8.399040030082691
89619.04823103776,43148.051774214364,6.5,0.0,0.0,0.916705341333862,0.3995639087429791,8.476317164198795
89618.47382357066,43148.668102368145,6.5,0.0,0.0,0.9160049869200912,0.40116687791681344,8.399766189901861
89617.91326366608,43149.28182529495,6.5,0.0,0.0,0.9121273469035287,0.40990694435533753,8.240203135628363
89617.32297229512,43149.96424525168,6.5,0.0,0.0,0.9061499880345781,0.4229564979816882,8.127719690125566
89616.8609434576,43150.53783456548,6.5,0.0,0.0,0.8977140763858951,0.4405785254170015,8.167616518939534
89616.2253725281,43151.38343115135,6.5,0.0,0.0,0.891645722837699,0.45273381246074074,8.199559511992046
89615.79901986019,43151.99081333958,6.5,0.0,0.0,0.8843736196147367,0.4667797134939875,8.250917016732792
89615.33721984792,43152.68302183523,6.5,0.0,0.0,0.8789998151693276,0.47682211036432437,8.297486019828773
89614.88904897672,43153.389698352075,6.5,0.0,0.0,0.8719757935742901,0.48954899184911727,8.343828954914638
89614.45319759898,43154.13252746794,6.5,0.0,0.0,0.8628911316807364,0.5053898444436118,8.370146982186196
89614.0562362142,43154.874631784485,6.5,0.0,0.0,0.8503179038834692,0.5262693819093253,8.409976921905214
89613.70300680435,43155.63766905197,6.5,0.0,0.0,0.8311542272016642,0.5560419504001514,8.378860029496542
89613.40181250674,43156.45963570608,6.5,0.0,0.0,0.8078088109013868,0.5894445902967365,8.264890107390872
89613.20172095722,43157.20229437775,6.5,0.0,0.0,0.7786930626195946,0.6274050639165388,8.08136203232037
89613.06897326141,43157.98846410722,6.5,0.0,0.0,0.7453153317537533,0.6667121239731528,8.039533566292421
89613.02073007978,43158.82291618245,6.5,0.0,0.0,0.7089220303004637,0.7052868600467956,8.022041811236175
89613.06057920004,43159.62124564863,6.5,0.0,0.0,0.6644618054038017,0.7473222257898666,8.001565001422598
89613.20640420321,43160.3992344223,6.5,0.0,0.0,0.6206500052331325,0.7840877317010595,7.989832755950649
89613.42350585556,43161.15979957362,6.5,0.0,0.0,0.577923510544536,0.8160909360848702,7.960127477582754
89613.7290473186,43161.88412519899,6.5,0.0,0.0,0.5219543443993951,0.8529734241830736,7.94578302817353
89614.1574107228,43162.59563568032,6.5,0.0,0.0,0.46351034464488555,0.8860915079195711,7.927332506542946
89614.63360853956,43163.18696244727,6.5,0.0,0.0,0.40759924207353276,0.913160915644708,7.9188046405058845
89615.1891207815,43163.74582741071,6.5,0.0,0.0,0.35742815211530166,0.9339406384109435,7.8953400337189645
89615.86021541238,43164.286941498875,6.5,0.0,0.0,0.30848759198585307,0.9512283666873953,7.8734700999400005
89616.4570455198,43164.66487390197,6.5,0.0,0.0,0.25058486553810627,0.9680946364706547,7.857093226747986
89617.16550915706,43165.01119996072,6.5,0.0,0.0,0.1948072414508939,0.9808415461624233,7.83911338819859
89617.90757228315,43165.26472104018,6.5,0.0,0.0,0.13045563401775243,0.9914541479831663,7.818741584978216
89618.68115930418,43165.417085986235,6.5,0.0,0.0,0.06811372500133336,0.9976775633772881,7.807901822086063
89619.4126428996,43165.47119264019,6.5,0.0,0.0,0.002924181438885191,0.9999957245723166,7.793073672403908
89620.19189141034,43165.42592140913,6.5,0.0,0.0,-0.06225992411297766,0.9980599690647082,7.778607333840475
89621.03261017261,43165.268292900764,6.5,0.0,0.0,-0.11856934143416317,0.9929457745878517,7.75859385905445
89621.69205487582,43165.06246468909,6.5,0.0,0.0,-0.17983807029493704,0.9836962277413659,7.750217165764555
89622.40089287992,43164.75069815298,6.5,0.0,0.0,-0.23025285158712855,0.9731308361859652,7.755367312910943
89623.0781814757,43164.36762032849,6.5,0.0,0.0,-0.2780435796021846,0.9605684607783058,7.768284603548062
89623.81661796023,43163.856165228186,6.5,0.0,0.0,-0.312629670114245,0.9498750914537439,7.797930119150703
89624.33857797872,43163.43716799705,6.5,0.0,0.0,-0.34754317786786637,0.937663980068289,7.825182801486142
89624.93284803902,43162.89692881153,6.5,0.0,0.0,-0.3726336524713097,0.9279785347980261,7.846657937978453
89625.48844923163,43162.336164691114,6.5,0.0,0.0,-0.3985691815432018,0.9171382706680505,7.875308027635642
89626.01500202926,43161.7373730676,6.5,0.0,0.0,-0.4230454504881252,0.9061084630557752,7.907141426362964
89626.53109294853,43161.09120846358,6.5,0.0,0.0,-0.4464630657785963,0.894802062411334,7.940789180068986
89626.96872893353,43160.4701723962,6.5,0.0,0.0,-0.47400337511144264,0.8805230266057561,7.9776294092049085
89627.39165152705,43159.78664994027,6.5,0.0,0.0,-0.49871120388935575,0.8667682130276984,8.017412870267727
89627.77616059444,43159.08121916961,6.5,0.0,0.0,-0.5210535363388639,0.8535239963051796,8.045163047711034
89628.12744810985,43158.3545822709,6.5,0.0,0.0,-0.5392960962552674,0.8421162155924973,8.061008458023114
89628.45198520798,43157.61379638345,6.5,0.0,0.0,-0.5539365079061698,0.8325589139566748,8.08869134809157
89628.75497167416,43156.85627626581,6.5,0.0,0.0,-0.565499373434623,0.8247487245489069,8.150458946320322
89629.04289404971,43156.084490789755,6.5,0.0,0.0,-0.5723676351871914,0.8199971281597407,8.228159157429875
89629.32529355581,43155.30359598476,6.5,0.0,0.0,-0.5741561019169006,0.8187458522835945,8.284828763978359
89629.61031774782,43154.51861336955,6.5,0.0,0.0,-0.5725991431898064,0.8198354842395513,8.344804520419698
89629.89771438396,43153.74247807498,6.5,0.0,0.0,-0.570644390095256,0.8211972844894296,8.23944670530025
89630.18262052225,43152.9805308245,6.5,0.0,0.0,-0.5699818900330559,0.8216572552070269,8.101674911916975
89630.46240031894,43152.23232360011,6.5,0.0,0.0,-0.571630754981414,0.8205109871046082,7.943062829859243
89630.73263128768,43151.491418991754,6.5,0.0,0.0,-0.5762079045057868,0.8173031572097651,7.817379405242409
89630.98818620417,43150.75830749813,6.5,0.0,0.0,-0.5837734586150891,0.8119165899380162,7.763721887925622
89631.29212192545,43149.825774930876,6.5,0.0,0.0,-0.590656590322067,0.8069230398923494,7.813048658246378
89631.51106813361,43149.10925270558,6.5,0.0,0.0,-0.5968667938924367,0.8023403457065857,7.877815132980968
89631.73518176764,43148.34976087682,6.5,0.0,0.0,-0.5980864739114775,0.8014315751978678,7.930005496614127
89632.00989063198,43147.428924024425,6.5,0.0,0.0,-0.5933610214328868,0.8049364560287484,8.031909492915357
89632.3200034341,43146.46146847885,6.5,0.0,0.0,-0.5833768890448017,0.8122015792452076,8.089909801724058
89632.58134508706,43145.73315177113,6.5,0.0,0.0,-0.5679549070870481,0.8230596719046211,8.09850071822442
89632.88056310266,43144.98458317105,6.5,0.0,0.0,-0.5526992768365732,0.8333807709470678,8.008043192154732
89633.19984563005,43144.26861472761,6.5,0.0,0.0,-0.536357673826036,0.8439907853335388,7.8561762432976545
89633.54012445184,43143.578355679456,6.5,0.0,0.0,-0.5198192869014608,0.8542762486252656,7.7105460672594734
89633.90917323336,43142.897826365945,6.5,0.0,0.0,-0.5035757076763988,0.863951101994907,7.75364051244325
89634.30312963665,43142.231191769846,6.5,0.0,0.0,-0.48660393376326855,0.8736226940997541,7.803181943412591
89634.73191432028,43141.56905758917,6.5,0.0,0.0,-0.468402454813337,0.8835152179361937,7.851601580383187
89635.23311272677,43140.85960934192,6.5,0.0,0.0,-0.4466334353756532,0.8947170359418346,7.893483273313514
89635.77835585589,43140.17756599314,6.5,0.0,0.0,-0.41881445402612427,0.9080718325654636,7.943682381294025
89636.31486356168,43139.59216758532,6.5,0.0,0.0,-0.38240765792917114,0.9239937138082305,7.9531422083214425
89636.90637198793,43139.05089580821,6.5,0.0,0.0,-0.3366913814860576,0.9416150559719243,7.958775720772898
89637.55217286006,43138.57760671486,6.5,0.0,0.0,-0.28116991718079765,0.9596580003691645,7.947436167214038
89638.30863135887,43138.15204025172,6.5,0.0,0.0,-0.22220727562824133,0.9749994495679856,7.935585654450167
89639.0440129834,43137.86035650985,6.5,0.0,0.0,-0.15614699732922055,0.9877338281263168,7.929675361483605
89639.78338578616,43137.67381237735,6.5,0.0,0.0,-0.0942755543033834,0.9955461415026376,7.8916001483522615
89640.53825210569,43137.574794822795,6.5,0.0,0.0,-0.03496176129477596,0.9993886507496306,7.873501267398783
89641.39846277107,43137.5606729599,6.5,0.0,0.0,0.020067649718064868,0.9997986244413387,7.848441056140785
89642.15111234828,43137.639566584556,6.5,0.0,0.0,0.07421786027885016,0.9972420514677613,7.836716233324454
89642.88442057888,43137.7830840694,6.5,0.0,0.0,0.12278737968691854,0.9924329999499314,7.824623360697368
89643.73688066757,43138.038060459025,6.5,0.0,0.0,0.1716634648165588,0.9851556500610318,7.787596854962274
89644.3368014877,43138.30508876816,6.5,0.0,0.0,0.24448065193435387,0.9696541707380798,7.767274941317673
89645.16040699094,43138.80462373758,6.5,0.0,0.0,0.2980697564651857,0.954544090275973,7.72705675924354
89645.71919038933,43139.26170816093,6.5,0.0,0.0,0.36896575998497133,0.9294429880087925,7.689387901761176
89646.23464299615,43139.81706332016,6.5,0.0,0.0,0.4332998018953487,0.9012498442038431,7.653008286899929
89646.66366100985,43140.44289314252,6.5,0.0,0.0,0.5026567283229649,0.86448609790537,7.59843406987477
89647.05674863384,43141.26140329879,6.5,0.0,0.0,0.5624975498083821,0.8267989516560642,7.5728745505731885
89647.27255518608,43141.98529649159,6.5,0.0,0.0,0.6271752318496665,0.7788781859535656,7.557829975441313
89647.39545422855,43142.81277172195,6.5,0.0,0.0,0.675351778522423,0.7374957459176291,7.558196757147363
89647.40617726815,43143.501311590124,6.5,0.0,0.0,0.7209741475423515,0.6929619604102232,7.563243300122458
89647.33839237003,43144.252326486625,6.5,0.0,0.0,0.7563339514770557,0.6541857181589207,7.5701701477963965
89647.18420615139,43145.02582451561,6.5,0.0,0.0,0.788397794264062,0.6151657646517414,7.5899803980847445
89646.96727061686,43145.73287856293,6.5,0.0,0.0,0.8142282955624238,0.5805448154152358,7.620812568639864
89646.68163811487,43146.48354824367,6.5,0.0,0.0,0.8312024589343526,0.5559698483384561,7.661205654875175
89646.3793178863,43147.1561907444,6.5,0.0,0.0,0.8449845501609323,0.5347907160650107,7.694327282535749
89646.03444620957,43147.850188419194,6.5,0.0,0.0,0.8544551377661961,0.5195251847071044,7.744057562553922
89645.6649053469,43148.534480200164,6.5,0.0,0.0,0.8631203207795317,0.504998328568955,7.789607153776085
89645.25338972296,43149.2398817286,6.5,0.0,0.0,0.8729032152845388,0.48789340715561424,7.830914045203238
89644.82049604069,43149.90728577291,6.5,0.0,0.0,0.8837624779483993,0.46793576756912375,7.886237728487056
89644.3780890038,43150.527884951174,6.5,0.0,0.0,0.8942724806607529,0.44752288246844246,7.934772259230987
89643.69375383532,43151.4117754544,6.5,0.0,0.0,0.9024090643128534,0.43088035537257946,8.001405707796883
89643.13962529185,43152.059821762916,6.5,0.0,0.0,0.9097489757668158,0.41515876612596003,8.052991310191533
89642.60843883427,43152.662870880005,6.5,0.0,0.0,0.9115563469865678,0.41117517710642976,8.103655345720991
89642.06799286987,43153.27352800516,6.5,0.0,0.0,0.9093620416514976,0.4160056216007423,8.152558373488699
89641.4607131368,43153.990898074415,6.5,0.0,0.0,0.9034573463379484,0.4286779949425821,8.22742119412065
89640.92265363556,43154.676221571426,6.5,0.0,0.0,0.8951893544850438,0.44568601011996184,8.229590418233034
89640.41640757854,43155.37344587968,6.5,0.0,0.0,0.8887055494386987,0.45847840341379287,8.212684916626957
89639.9660741167,43156.02116227777,6.5,0.0,0.0,0.8832183480876709,0.46896199163822,8.183571276602464
89639.53752205653,43156.67320907724,6.5,0.0,0.0,0.8789882286775935,0.47684346891430385,8.196855734380682
89639.02663433395,43157.46550296004,6.5,0.0,0.0,0.877985073764456,0.4786880092991914,8.20793318308287
89638.62828676806,43158.08403890935,6.5,0.0,0.0,0.8780044741388842,0.4786524244084652,8.2277051577046
89638.18201272652,43158.7758406401,6.5,0.0,0.0,0.8795875907464449,0.4757369758646731,8.256215561998308
89637.72320803275,43159.467918483824,6.5,0.0,0.0,0.8816339314439607,0.47193390525227746,8.26916617998792
89637.26569012561,43160.15083796223,6.5,0.0,0.0,0.8827362233297018,0.4698688753488731,8.291120414227498
89636.80132440847,43160.83732428887,6.5,0.0,0.0,0.8822489167871573,0.47078322912768206,8.311275659746236
89636.3175250683,43161.56560300143,6.5,0.0,0.0,0.8795969230281885,0.4757197210536294,8.35413697729314
89635.88922755337,43162.231815239684,6.5,0.0,0.0,0.87658977291071,0.4812383713175309,8.368084390759046
89635.42120587503,43162.974311876416,6.5,0.0,0.0,0.8751841096395984,0.4837900104739074,8.378199994411768
89635.00030213912,43163.64704247848,6.5,0.0,0.0,0.8739441559647386,0.48602634934237937,8.383036597614625
89634.53595866865,43164.39981723013,6.5,0.0,0.0,0.8744689629583897,0.48508147029388615,8.33795095896905
89634.11850503655,43165.06016698513,6.5,0.0,0.0,0.8796888466014846,0.4755497168172322,8.194684202939284
89633.55451660196,43165.89906366415,6.5,0.0,0.0,0.8867339730111526,0.4622800678245347,8.033480822671843
89633.11124023759,43166.50236590166,6.5,0.0,0.0,0.8973056687464017,0.441409715384214,7.8393568684411585
89632.62251920534,43167.108750633524,6.5,0.0,0.0,0.9067576098102854,0.4216522703023644,7.828926490709592
89632.10796847686,43167.69285681264,6.5,0.0,0.0,0.9161200599190311,0.4009040231950173,7.865135392405237
89631.53166832241,43168.28962882327,6.5,0.0,0.0,0.9233536993811078,0.3839504471142375,7.9231783355930085
89630.99286740286,43168.81409350514,6.5,0.0,0.0,0.9288130273073485,0.3705487286500369,7.990160188947706
89630.31812231205,43169.441197737004,6.5,0.0,0.0,0.9319081544596588,0.3626943501787597,8.039236968726605
89629.69269315035,43170.00680002351,6.5,0.0,0.0,0.9345005106855747,0.3559617894218425,8.0882995277814
89628.93090336482,43170.67737337129,6.5,0.0,0.0,0.9368404879635218,0.3497569157461656,8.146163286730369
89628.33948975222,43171.18083879352,6.5,0.0,0.0,0.9403608726546221,0.34017852545426447,8.15787877873181
89627.70649234552,43171.696627565536,6.5,0.0,0.0,0.9451299334690673,0.3266946722258513,8.171423555016993
89626.97531165366,43172.25189724348,6.5,0.0,0.0,0.9507057490319539,0.3100944674733676,8.023482556082591
89626.3934235411,43172.65518195432,6.5,0.0,0.0,0.9568776295529428,0.290491311507145,7.883344347276185
89625.73407051708,43173.08204367803,6.5,0.0,0.0,0.9602887579042935,0.27900806698486214,7.872512268175387
89625.09563610148,43173.478847216065,6.5,0.0,0.0,0.961188185039816,0.2758935898854203,7.894864518210614
89624.35526824302,43173.94463742444,6.5,0.0,0.0,0.9591919116177963,0.2827558605705597,7.96747906066459
89623.75549104469,43174.344151490826,6.5,0.0,0.0,0.9533831627520235,0.3017623982224238,7.998368988487302
89623.11433880278,43174.817650351484,6.5,0.0,0.0,0.9430949377952017,0.3325235905993208,8.004533228403321
89622.50834783904,43175.34845957169,6.5,0.0,0.0,0.9269608689597919,0.37515802992513364,8.001147100816695
89621.9659411696,43175.9292882875,6.5,0.0,0.0,0.9051723908513195,0.4250446362918911,7.984634144608878
89621.47095168734,43176.598318948665,6.5,0.0,0.0,0.8772784374361546,0.47998181549885716,7.952236015747363
89621.08347689749,43177.30748548548,6.5,0.0,0.0,0.8451126102265996,0.5345883238866928,7.931965060406997
89620.80312632657,43178.00678512933,6.5,0.0,0.0,0.8105592213477015,0.5856566815876071,7.917159262727611
89620.5994865877,43178.77083334053,6.5,0.0,0.0,0.7741891643327717,0.6329542936340068,7.894067430587938
89620.49104769192,43179.54576577856,6.5,0.0,0.0,0.7350211836836883,0.6780441427637508,7.873640476086478
89620.47379165901,43180.32695463462,6.5,0.0,0.0,0.6961848877226486,0.7178625231244511,7.850059190463972
89620.5390526044,43181.111094926295,6.5,0.0,0.0,0.6596699244403327,0.7515554475811388,7.829069796100393
89620.67744425805,43181.88422563348,6.5,0.0,0.0,0.6212032322131636,0.7836495034694517,7.823947992765903
89620.91489203728,43182.71451516349,6.5,0.0,0.0,0.5831815352320248,0.8123418596652635,7.823703392775555
89621.18116945689,43183.376641028575,6.5,0.0,0.0,0.5350709208931927,0.8448071434442956,7.813186477325642
89621.61900180712,43184.20389882224,6.5,0.0,0.0,0.48832650738975697,0.8726610007216558,7.781367811786727
89622.07898844965,43184.839529268764,6.5,0.0,0.0,0.4278944727330784,0.9038287006974722,7.755869296966611
89622.64958593863,43185.46159388235,6.5,0.0,0.0,0.3788964430871712,0.9254390770957805,7.734057267554114
89623.1723829951,43185.91515676123,6.5,0.0,0.0,0.32422373094220813,0.9459804291283803,7.713339470224992
89623.83781784216,43186.38451408283,6.5,0.0,0.0,0.28066833983350886,0.959804815061428,7.698367847455976
89624.46935550995,43186.74461149885,6.5,0.0,0.0,0.23751411345466267,0.9713840877376186,7.670992994615567
89625.1559409497,43187.07009311215,6.5,0.0,0.0,0.19916680276054805,0.9799656038240021,7.65239572218008
89625.87212898565,43187.33937404509,6.5,0.0,0.0,0.16144673989270564,0.9868814266050492,7.626447056497634
89626.60224369857,43187.5563152517,6.5,0.0,0.0,0.12622565000153405,0.9920015550802782,7.627338924692665
89627.3499492235,43187.721649157895,6.5,0.0,0.0,0.09062870065215295,0.9958847516746616,7.631870807677868
89628.10718194087,43187.83251098549,6.5,0.0,0.0,0.05077407683601152,0.9987101647232047,7.626620607193336
89628.86717293895,43187.87631917911,6.5,0.0,0.0,0.0012024196406856206,0.9999992770932425,7.612706214424201
89629.65925567779,43187.83624348148,6.5,0.0,0.0,-0.05264684537841446,0.9986131932193272,7.597684908208708
89630.37157084669,43187.71725348454,6.5,0.0,0.0,-0.11726158453089987,0.9931010627289162,7.588141810446123
89631.13726769947,43187.48227238057,6.5,0.0,0.0,-0.17112976535777655,0.98524849830314,7.58543282470974
89631.90294686469,43187.16872964663,6.5,0.0,0.0,-0.21848492550943685,0.9758403236826894,7.593474367336776
89632.55194198452,43186.81536679637,6.5,0.0,0.0,-0.26416056812361327,0.9644787163274314,7.612774720593639
89633.16054183652,43186.42397769845,6.5,0.0,0.0,-0.2987742641487611,0.954323812488385,7.628160560195537
89633.77803287299,43185.96422675754,6.5,0.0,0.0,-0.3246158100383722,0.9458459577928805,7.618750424555758
89634.37045077792,43185.482611417625,6.5,0.0,0.0,-0.3411776411047729,0.9399988389408696,7.631676794345019
89634.98018673484,43184.959167176385,6.5,0.0,0.0,-0.3480239715696777,0.9374856346701362,7.66598759082347
89635.55689041154,43184.46092285714,6.5,0.0,0.0,-0.3438784619630151,0.939014165706754,7.695026077307218
89636.15745508317,43183.96335766927,6.5,0.0,0.0,-0.32622453439970955,0.9452923109576702,7.724822178769466
89636.74868566051,43183.52712241832,6.5,0.0,0.0,-0.2972437541244765,0.954801628943933,7.74684362396337
89637.39999020135,43183.10669369722,6.5,0.0,0.0,-0.26190777563476036,0.9650929059225604,7.751578341559066
89638.11679017894,43182.72553239018,6.5,0.0,0.0,-0.22229478446058973,0.9749795017340723,7.74658490861051
89638.79253509821,43182.436875091706,6.5,0.0,0.0,-0.17912076072942062,0.983827095111592,7.749629472463285
89639.56809249896,43182.1789508916,6.5,0.0,0.0,-0.13984983596115663,0.9901727240141679,7.738177835552866
89640.31674975346,43181.99755803451,6.5,0.0,0.0,-0.09650253014094415,0.9953327391764003,7.722154024865991
89641.07699207582,43181.88358350364,6.5,0.0,0.0,-0.05131113262318177,0.9986827162161795,7.707495670566268
89641.80465929842,43181.84425930638,6.5,0.0,0.0,-0.0036765386615168947,0.9999932415088966,7.6856119164767875
89642.62608105906,43181.87219270161,6.5,0.0,0.0,0.03593842290393902,0.9993540062256105,7.517953757620926
89643.2754228043,43181.95017846169,6.5,0.0,0.0,0.08197204853791366,0.9966346287674827,7.34961209197945
89644.02188242105,43182.10336264059,6.5,0.0,0.0,0.12230475854699856,0.9924925924342006,7.264530534642372
89644.70111557578,43182.306972539154,6.5,0.0,0.0,0.16069274225031485,0.9870044795177344,7.272289643252263
89645.44902517226,43182.58071771704,6.5,0.0,0.0,0.19171383331448974,0.9814508679072346,7.302474914311793
89646.05252148886,43182.855876460046,6.5,0.0,0.0,0.22831069131982096,0.9735883258487981,7.3308155498945204
89646.7620749677,43183.23238621934,6.5,0.0,0.0,0.25638018847010574,0.9665760182003447,7.37768053479657
89647.33407074261,43183.587178445516,6.5,0.0,0.0,0.285488704354044,0.958382073959154,7.4296346012991075
89647.95593100438,43184.01291343842,6.5,0.0,0.0,0.3029714323981745,0.9529996385889128,7.464262151805499
89648.68788580918,43184.54475149922,6.5,0.0,0.0,0.31133527225283975,0.9503001358787918,7.544697630670425
89649.29954114824,43184.99915100458,6.5,0.0,0.0,0.31143018094849567,0.9502690368492426,7.574880558332021
89649.91890721665,43185.4487250438,6.5,0.0,0.0,0.30298872275666383,0.9529941415781555,7.646056015167478
89650.54457747132,43185.87985105519,6.5,0.0,0.0,0.28690445961338723,0.957959201142695,7.609776240772563
89651.16883064163,43186.271191086555,6.5,0.0,0.0,0.2642842670741516,0.9644448279591107,7.380447654919497
89651.80885443,43186.62899820479,6.5,0.0,0.0,0.23749395249199867,0.971389017093424,7.341711121592374
89652.46792366881,43186.94680372479,6.5,0.0,0.0,0.20462420720862787,0.9788406069551061,7.390101787223017
89653.15843737245,43187.21903737938,6.5,0.0,0.0,0.16642790885412995,0.9860536248878361,7.4408754390437375
89653.90790873856,43187.44714360901,6.5,0.0,0.0,0.1263904205347983,0.9919805752115496,7.49786417636462
89654.61122269847,43187.595351542215,6.5,0.0,0.0,0.08157920700528588,0.9966668615863521,7.517341434471985
89655.36517193093,43187.687312586764,6.5,0.0,0.0,0.03338583698947868,0.9994425375620711,7.583704860766994
89656.35325885242,43187.71186510438,6.5,0.0,0.0,-0.011961593838314058,0.9999284575772645,7.619927925030202
89657.07103112029,43187.64649423629,6.5,0.0,0.0,-0.07074070042991529,0.99749473848371,7.517761210565979
89657.77068702487,43187.50980547289,6.5,0.0,0.0,-0.1210093749722567,0.9926513643615384,7.438530146413863
89658.47106287313,43187.30000273223,6.5,0.0,0.0,-0.1729931181756548,0.984923033065967,7.29511277139272
89659.17186675202,43187.001927582685,6.5,0.0,0.0,-0.22851005933673205,0.9735415516463194,7.276874671645413
89659.79586982184,43186.64182276007,6.5,0.0,0.0,-0.2871801911136742,0.9578765775567923,7.278215988734511
89660.34326916798,43186.23016267903,6.5,0.0,0.0,-0.3453745285194856,0.9384649354397547,7.283806184170077
89660.86685334396,43185.73004389891,6.5,0.0,0.0,-0.4007525927390488,0.9161863126094659,7.263992807041842
89661.32581889095,43185.16722887595,6.5,0.0,0.0,-0.4557804144274981,0.8900922501765185,7.267565541196436
89661.75131491643,43184.50233895194,6.5,0.0,0.0,-0.5063168213359258,0.8623475380797954,7.263592230119112
89662.02956982856,43183.90607163029,6.5,0.0,0.0,-0.5631493892597782,0.8263551085195389,7.237592997992383
89662.26524282758,43183.19446088982,6.5,0.0,0.0,-0.6113709555031474,0.7913441443311302,7.205786512959152
89662.38823921088,43182.53134225558,6.5,0.0,0.0,-0.6659966139942949,0.7459547641433321,7.173826877589707
89662.42201305737,43181.81472607161,6.5,0.0,0.0,-0.7136651404187428,0.7004870215436515,7.14980884168442
89662.3614507575,43181.09412424632,6.5,0.0,0.0,-0.7550412185664561,0.6556773278569887,7.137782360156876
89662.21704645554,43180.36693811417,6.5,0.0,0.0,-0.7908508899670353,0.6120088805224546,7.130165807602007
89662.00416090255,43179.71558476107,6.5,0.0,0.0,-0.8233309901937496,0.5675615214111858,7.13328601386916
89661.7229109832,43179.06879921591,6.5,0.0,0.0,-0.8558983213165609,0.5171441419638176,7.1193809085835
89661.26311565221,43178.30519262693,6.5,0.0,0.0,-0.8844798967014257,0.4665783024649081,7.119710254100941
89660.82771122381,43177.76017674908,6.5,0.0,0.0,-0.9117379703834809,0.41077228894000495,7.122257842978405
89660.32685522285,43177.246692733344,6.5,0.0,0.0,-0.9308693544111306,0.36535222049168525,7.115304548672512
89659.7833082804,43176.79106568126,6.5,0.0,0.0,-0.9488298753378626,0.3157876939754559,7.111562148831579
89659.10668205313,43176.333330270994,6.5,0.0,0.0,-0.9627435820488778,0.2704159670280136,7.113195005744294
89658.37258957338,43175.93070122634,6.5,0.0,0.0,-0.9730776424077279,0.23047755171863948,7.119578112014881
89657.81672208788,43175.68594719123,6.5,0.0,0.0,-0.9815332444543149,0.1912916360716957,7.127098410696188
89657.14702897986,43175.4341401018,6.5,0.0,0.0,-0.9860360621655728,0.1665319311994265,7.130835236015939
89656.46619489376,43175.21637113505,6.5,0.0,0.0,-0.9898130244283415,0.14237337065624137,7.149655708849202
89655.76809519835,43175.02907145953,6.5,0.0,0.0,-0.9922554721716002,0.12421383958929381,7.1683507130517246
89655.07041680288,43174.861351382766,6.5,0.0,0.0,-0.9935329409782699,0.11354424331981569,7.1840036042876685
89654.3715135482,43174.705635186656,6.5,0.0,0.0,-0.9943656085163426,0.10600488950951154,7.2143058811557905
89653.6627701089,43174.55777542889,6.5,0.0,0.0,-0.9946902530406204,0.10291404426018094,7.228688481531034
89652.94902734032,43174.408099620516,6.5,0.0,0.0,-0.9940209083549091,0.10918989767044171,7.241009681181002
89652.24820808448,43174.24320990194,6.5,0.0,0.0,-0.9921571681098137,0.12499661502742754,7.245016056664507
89651.51541998847,43174.041048573235,6.5,0.0,0.0,-0.989003456925783,0.14789240071366444,7.240840549011231
89650.8626770664,43173.81935628736,6.5,0.0,0.0,-0.9830601326035061,0.18328332080573248,7.238631132569111
89650.20108275073,43173.53330483908,6.5,0.0,0.0,-0.974292327363624,0.22528750706679865,7.225473423155558
89649.56902475301,43173.187293549745,6.5,0.0,0.0,-0.9619034349911659,0.27338943240768426,7.209156674276166
89648.97709506321,43172.77640653379,6.5,0.0,0.0,-0.9442923699462448,0.329107763599257,7.202122545954079
89648.35932617572,43172.22749205335,6.5,0.0,0.0,-0.9259605494348664,0.3776202601692346,7.209496210874264
89647.94799895113,43171.76960101167,6.5,0.0,0.0,-0.9021289971493808,0.4314664210599157,7.232065331869029
89647.50788290155,43171.17148310692,6.5,0.0,0.0,-0.8815648814230787,0.472062876999996,7.268011183058349
89647.10838765728,43170.50891447832,6.5,0.0,0.0,-0.8603601859721782,0.5096865216914402,7.322887890856785
89646.79748869628,43169.87467912623,6.5,0.0,0.0,-0.8384793062790841,0.5449334390012656,7.401994306128263
89646.519850505,43169.18453652228,6.5,0.0,0.0,-0.8141632122993657,0.5806360854600565,7.47726589964882
89646.24810551362,43168.280005548404,6.5,0.0,0.0,-0.7877537803128024,0.6159902447302953,7.514794502219814
89646.10206215037,43167.502901418295,6.5,0.0,0.0,-0.7523443879181169,0.6587700068826101,7.551570811900691
89646.04915266809,43166.78648408173,6.5,0.0,0.0,-0.7103988538869649,0.7037993097439686,7.563981869907932
89646.08830422488,43166.02885951197,6.5,0.0,0.0,-0.665970497110113,0.7459780807630402,7.577378413197409
89646.21521664485,43165.32586674324,6.5,0.0,0.0,-0.6152117434110438,0.7883619161077887,7.601802557352618
89646.44719723794,43164.59638430474,6.5,0.0,0.0,-0.5597892320726368,0.8286350316366836,7.648414192998527
89646.87156095909,43163.69460330305,6.5,0.0,0.0,-0.5141488531257328,0.8577009716850585,7.720962783922758
89647.24497195218,43163.10346672161,6.5,0.0,0.0,-0.4594813147855654,0.8881874359407074,7.767277223125737
89647.7295499927,43162.48249515551,6.5,0.0,0.0,-0.41566945844803227,0.9095157509980349,7.822567857942348
89648.27346810924,43161.915176204275,6.5,0.0,0.0,-0.3692635517556365,0.929324716848106,7.862573330647825
89648.87732603113,43161.39935627502,6.5,0.0,0.0,-0.3241977495694984,0.9459893335413845,7.925710201610777
89649.53149308007,43160.93815731289,6.5,0.0,0.0,-0.28138480611173655,0.9595950139978117,7.98670998749351
89650.23051163492,43160.531101962944,6.5,0.0,0.0,-0.24144509626084204,0.9704144812870389,8.017781470403445
89650.9700856419,43160.175056571716,6.5,0.0,0.0,-0.20300521573824895,0.9791776561906766,8.023451727031919
89651.72937235527,43159.88169478564,6.5,0.0,0.0,-0.16185741084281283,0.9868141560371237,8.055479757494023
89652.53910258668,43159.64612615739,6.5,0.0,0.0,-0.11405019379610647,0.9934749887617054,8.079700780430374
89653.44799956071,43159.48183076595,6.5,0.0,0.0,-0.0626880627690591,0.9980331691813967,8.098767307038408
89654.25868143608,43159.429251515896,6.5,0.0,0.0,-0.006498158470205097,0.9999788867453633,8.109214056343639
89655.08440486698,43159.46056217679,6.5,0.0,0.0,0.041409719317606355,0.9991422497052345,8.124147606455221
89656.00240347728,43159.57403827576,6.5,0.0,0.0,0.0793320446119164,0.9968482465740174,8.131603284879407
89656.67110280629,43159.71471981954,6.5,0.0,0.0,0.12380124835250352,0.9923070345948182,8.13696223997792
89657.44710764546,43159.94022362803,6.5,0.0,0.0,0.16308091568631944,0.9866126975358221,8.134842428907717
89658.23938683247,43160.247738062615,6.5,0.0,0.0,0.20783192649772192,0.9781645517642957,8.11748499072563
89658.99398929848,43160.62863744225,6.5,0.0,0.0,0.2606392885575122,0.965436254374277,8.108706260761023
89659.73114868841,43161.11652188167,6.5,0.0,0.0,0.31802375702421165,0.9480827442624432,8.090898854868238
89660.37330171654,43161.67130773099,6.5,0.0,0.0,0.3723643874360869,0.9280866139371625,8.077761007140133
89660.89240442651,43162.22713488948,6.5,0.0,0.0,0.42762097489533024,0.9039581305732957,8.062052864042451
89661.41970673508,43162.946734985926,6.5,0.0,0.0,0.4731637482483503,0.8809744986908371,8.061869171892921
89661.80876893106,43163.610546384145,6.5,0.0,0.0,0.5138516691721282,0.8578790486362385,8.084021056397756
89662.14702760275,43164.3055427055,6.5,0.0,0.0,0.5406480403815066,0.841248890894744,8.101535709844809
89662.46976315697,43165.05798762273,6.5,0.0,0.0,0.5523881279043488,0.8335870417360918,8.132778112724766
89662.81533787913,43165.884732530416,6.5,0.0,0.0,0.5473069208390335,0.8369319771652269,8.169212478983024
89663.12895139311,43166.56429417486,6.5,0.0,0.0,0.5195201336484956,0.8544582088866894,8.183353113515228
89663.55206598408,43167.30603344492,6.5,0.0,0.0,0.47570821833773114,0.8796031440405051,8.15849333058851
89664.04050307632,43167.95787205445,6.5,0.0,0.0,0.4170218667907144,0.9088964531883639,8.131630069643514
89664.61016340237,43168.53589926339,6.5,0.0,0.0,0.3556018782519706,0.9346375255593319,8.100180457697506
89665.21801965384,43169.00555212723,6.5,0.0,0.0,0.28786159850726256,0.9576720211559089,8.083049641310009
89666.02271151217,43169.46942526836,6.5,0.0,0.0,0.23220862688925098,0.9726660031060038,8.077886435579623
89666.67358383167,43169.74254199596,6.5,0.0,0.0,0.17482947141228616,0.9845987283790796,8.090012132879087
89667.44393705785,43169.9905741042,6.5,0.0,0.0,0.1314212527189579,0.99132661334889,8.108316552401641
89668.28414356256,43170.1772086312,6.5,0.0,0.0,0.0902970191880118,0.9959148800604195,8.12763900755988
89669.12989345528,43170.29883073988,6.5,0.0,0.0,0.05637000311234189,0.9984099472406686,8.150395972678721
89669.85254228904,43170.3548778737,6.5,0.0,0.0,0.018275967474584355,0.9998329805586871,8.168712541576905
89670.67127422772,43170.35519943518,6.5,0.0,0.0,-0.019974449278529538,0.9998004907860465,8.19201924013951
89671.49110385643,43170.289379938935,6.5,0.0,0.0,-0.06203955607456826,0.9980736914086407,8.2081982694568
89672.30259858492,43170.151608865606,6.5,0.0,0.0,-0.10807091121602427,0.9941431879507792,8.217799213602948
89673.09582353398,43169.936317255815,6.5,0.0,0.0,-0.15860856639104184,0.9873415430677362,8.211206407829746
89673.86111486868,43169.63761840436,6.5,0.0,0.0,-0.2117329315575036,0.9773275631506898,8.208489523939628
89674.58690681554,43169.25842975794,6.5,0.0,0.0,-0.2690269975038413,0.9631326360445213,8.206021887983676
89675.40081691579,43168.7046732839,6.5,0.0,0.0,-0.3197944142471239,0.9474869564359918,8.213997863217172
89676.01958477033,43168.16698271565,6.5,0.0,0.0,-0.372220861687003,0.9281441860643124,8.231076387383872
89676.58805820432,43167.56991081735,6.5,0.0,0.0,-0.4127739324168944,0.9108335087803331,8.25660036854258
89677.1148341929,43166.917719949895,6.5,0.0,0.0,-0.44245972944193956,0.8967883740449392,8.290925361669998
89677.6808011519,43166.144695216506,6.5,0.0,0.0,-0.4602187578159943,0.8878055501934549,8.327371781523855
89678.07692848147,43165.553740590905,6.5,0.0,0.0,-0.4793840476908673,0.8776052272061284,8.356411967653022
89678.51807983396,43164.84098208702,6.5,0.0,0.0,-0.4958052641624086,0.8684337280580736,8.391743696615357
89678.92746289297,43164.11294219528,6.5,0.0,0.0,-0.5200197206622832,0.85415425429036,8.429741965623675
89679.29269958136,43163.34229281258,6.5,0.0,0.0,-0.552198324359742,0.8337127866203644,8.46400182826162
89679.59427711598,43162.53928435542,6.5,0.0,0.0,-0.5861336891999017,0.8102143533565133,8.48741358071621
89679.8267495363,43161.72119047683,6.5,0.0,0.0,-0.6234847117952236,0.7818355416311201,8.496973516983731
89680.00849300015,43160.72459490818,6.5,0.0,0.0,-0.659308554344935,0.751872482650876,8.501917771144695
89680.06984623987,43159.87610089136,6.5,0.0,0.0,-0.696681151204661,0.7173809124559617,8.511238201521984
89680.05956878565,43158.98039957371,6.5,0.0,0.0,-0.7232328322568056,0.6906042791250279,8.533610942615153
89679.99124792336,43158.17412483957,6.5,0.0,0.0,-0.7496915134511654,0.661787454292767,8.577285225979434
89679.85099982125,43157.31239412978,6.5,0.0,0.0,-0.7733913581477794,0.6339288659954943,8.621573081265451
89679.6481967832,43156.460252952194,6.5,0.0,0.0,-0.794988446599986,0.6066245706963584,8.660426858295176
89679.38845947587,43155.62259652695,6.5,0.0,0.0,-0.8138872394081881,0.5810228580086318,8.682161332859373
89679.08132744963,43154.80973164948,6.5,0.0,0.0,-0.8333881315613528,0.5526881780648808,8.692698298356913
89678.71313414519,43154.02362385751,6.5,0.0,0.0,-0.8568744679600874,0.5155251169032574,8.699770053047825
89678.24966594014,43153.241305876625,6.5,0.0,0.0,-0.8805666111685333,0.4739224021874942,8.695074386856563
89677.70702630328,43152.49903092085,6.5,0.0,0.0,-0.9008052699805084,0.4342232899964526,8.694879851966023
89677.19100886298,43151.91173707966,6.5,0.0,0.0,-0.9192856223163018,0.39359108806288995,8.660866121281215
89676.57536433519,43151.31248367773,6.5,0.0,0.0,-0.9352548866716476,0.3539749948185656,8.649724757679403
89675.89696756448,43150.768424347494,6.5,0.0,0.0,-0.95102206353322,0.3091230089673298,8.63794411134314
89675.13606829906,43150.26628355138,6.5,0.0,0.0,-0.9631764286096197,0.26887016824262605,8.648857982551146
89674.41820866073,43149.873064492225,6.5,0.0,0.0,-0.9733009020492738,0.22953290411195923,8.664819893853947
89673.6014864111,43149.49985967213,6.5,0.0,0.0,-0.98078913813281,0.195070926897628,8.686956801266865
89672.8208373131,43149.21148563021,6.5,0.0,0.0,-0.9866262787424872,0.162998730347055,8.717221837798737
89671.9401873863,43148.935536818026,6.5,0.0,0.0,-0.9900104658125068,0.1409938920014026,8.786045162105282
89671.12342179487,43148.71799626029,6.5,0.0,0.0,-0.9923927493809755,0.12311226980308737,8.840528159851988
89670.26067980153,43148.51231755157,6.5,0.0,0.0,-0.993874447714693,0.11051507670817536,8.874908850112584
89669.3877545087,43148.3271645176,6.5,0.0,0.0,-0.9951977259195914,0.09788506691254732,8.934656582335535
89668.50587142767,43148.16374863351,6.5,0.0,0.0,-0.9964057997218306,0.08470821849560485,8.98175996193069
89667.56166573481,43148.01441879692,6.5,0.0,0.0,-0.9970575853396296,0.07665619033520546,9.025971768281554
89666.71631726512,43147.88694198104,6.5,0.0,0.0,-0.9973342843107694,0.07296797474457796,9.063024094569965
89665.81654655255,43147.75768823078,6.5,0.0,0.0,-0.9971384553708961,0.07559696303783345,9.097676477073486
89664.78697446354,43147.592708767486,6.5,0.0,0.0,-0.9961648234232621,0.08749654035503965,9.125981722325077
89664.00612497957,43147.43718468698,6.5,0.0,0.0,-0.9930892293821786,0.11736175904062895,9.131458608521033
89663.08082285724,43147.18373624629,6.5,0.0,0.0,-0.9875114574036511,0.1575472040263392,9.137180568289429
89662.10586560638,43146.81501535712,6.5,0.0,0.0,-0.9781719527456343,0.207797090599923,9.129412184366153
89661.30089989604,43146.39176317697,6.5,0.0,0.0,-0.9642527600384793,0.26498417831669674,9.088306895344575
89660.53524704298,43145.881262511575,6.5,0.0,0.0,-0.9504772337619724,0.31079418929604985,9.051464895476164
89659.8261682001,43145.31186147842,6.5,0.0,0.0,-0.9353388046624133,0.353753191494703,9.045695046678512
89659.17405388513,43144.67976879061,6.5,0.0,0.0,-0.9170144822056338,0.39885390737102405,9.048528534318747
89658.55503717437,43143.94811532033,6.5,0.0,0.0,-0.8949846361020534,0.4460969638332849,9.0448738616212
89658.02983003944,43143.16204425567,6.5,0.0,0.0,-0.8675018175643637,0.49743401222928596,9.016202911876844
89657.66752106929,43142.43169858093,6.5,0.0,0.0,-0.8352038561597416,0.5499404682835204,9.002428062946919
89657.3541140898,43141.59109819628,6.5,0.0,0.0,-0.8049329520221247,0.5933657748378718,8.985171152265456
89657.09859149909,43140.59464235734,6.5,0.0,0.0,-0.7756010033663829,0.6312234814842206,8.973365713182417
89656.9834787995,43139.80436884751,6.5,0.0,0.0,-0.7472553949679094,0.6645369626223614,8.920937288096708
89656.90218615253,43138.92432735763,6.5,0.0,0.0,-0.7272285445940813,0.6863953991159719,8.899975238450049
89656.88133769747,43138.03780602136,6.5,0.0,0.0,-0.705377247642643,0.7088320947220784,8.924666321305917
89656.91090843626,43137.1391453741,6.5,0.0,0.0,-0.6895305701539062,0.7242565794131449,8.96034084831537
89656.96924610507,43136.24939442719,6.5,0.0,0.0,-0.6810013691917362,0.7322821417725416,8.995513725472046
89657.04005172748,43135.361912153676,6.5,0.0,0.0,-0.6773252056722951,0.7356837403130391,9.03279479443502
89657.11840829764,43134.446676160114,6.5,0.0,0.0,-0.6828876878337237,0.7305233780003969,9.058394779344113
89657.16277115143,43133.54336001921,6.5,0.0,0.0,-0.6975274059496234,0.7165581050753591,9.086847334152056
89657.16729710958,43132.63065145602,6.5,0.0,0.0,-0.7165052811229463,0.6975816669917062,9.095878124122803
89657.11288388002,43131.67975443516,6.5,0.0,0.0,-0.7368597888859305,0.6760455987009915,9.09922907928742
89657.01212749314,43130.83145113379,6.5,0.0,0.0,-0.7576786793508754,0.6526277797160595,9.080653044299275
89656.85132185611,43129.93376329115,6.5,0.0,0.0,-0.7766228102737702,0.6299658804748647,9.080028411106655
89656.61848089755,43128.9642377327,6.5,0.0,0.0,-0.7941899812282427,0.6076695431866597,9.10024646298346
89656.37671867225,43128.18181375062,6.5,0.0,0.0,-0.8162157693310891,0.5777471920271515,9.122221345751127
89656.01465529147,43127.25106185378,6.5,0.0,0.0,-0.8338968462974414,0.5519203291555597,9.11304858435336
89655.66536807508,43126.50616287865,6.5,0.0,0.0,-0.8503665368806669,0.5261907952003545,9.097205073379156
89655.2464012673,43125.71039254688,6.5,0.0,0.0,-0.8638102047356038,0.5038173579727422,9.095598642718743
89654.77583595575,43124.93355165695,6.5,0.0,0.0,-0.8808663153464095,0.47336511752350313,9.091503792284275
89654.22143439687,43124.161489270824,6.5,0.0,0.0,-0.8999765833289461,0.43593824041893414,9.075333928671457
89653.62418585386,43123.475831744356,6.5,0.0,0.0,-0.9210206956969256,0.38951364301902336,9.038950628784727
89652.99615095474,43122.89936770743,6.5,0.0,0.0,-0.9437384401793565,0.3306928431760132,9.028941021694482
89652.16185994307,43122.30756662327,6.5,0.0,0.0,-0.9608471389464681,0.277079006022446,9.00768387986496
89651.48394137429,43121.94811411212,6.5,0.0,0.0,-0.977443872870137,0.21119534888019548,8.992902485410726
89650.64895711081,43121.62176658959,6.5,0.0,0.0,-0.9874295924996018,0.15805948201885991,8.993558179901866
89649.7450618755,43121.37678435473,6.5,0.0,0.0,-0.9939416687627063,0.10990886723648233,9.009742788491463
89648.90029547461,43121.23024947161,6.5,0.0,0.0,-0.9975985801380679,0.06926090460361324,9.018953856763853
89647.993387372,43121.13237704683,6.5,0.0,0.0,-0.9990906238246056,0.04263713622841623,9.039896537208863
89647.07376067709,43121.07406683004,6.5,0.0,0.0,-0.999671618839315,0.02562527048019682,9.05976859447425
89646.03416136329,43121.03186662599,6.5,0.0,0.0,-0.9999096292976261,0.013443706255498032,9.10898415798769
89645.25736702929,43121.025215460155,6.5,0.0,0.0,0.9999924516051427,0.003885451419897823,9.159030025777604
89644.34174473312,43121.04501852902,6.5,0.0,0.0,0.9997871595663212,0.020630937116553685,9.190730997082042
89643.42405481183,43121.10090969411,6.5,0.0,0.0,0.9987591198234745,0.04980181291317041,9.199059870536962
89642.37702189201,43121.24144357038,6.5,0.0,0.0,0.9966211615385957,0.08213562183036198,9.19351107427933
89641.592622727,43121.40484565356,6.5,0.0,0.0,0.9927877908747156,0.11988495439421103,9.177799476168428
89640.71367139759,43121.649106782774,6.5,0.0,0.0,0.9872632409107525,0.1590952329468033,9.174800612264866
89639.80853156769,43121.995180303966,6.5,0.0,0.0,0.9791512299196115,0.20313263880261137,9.173181498089175
89639.0218445152,43122.382642915494,6.5,0.0,0.0,0.9678987402534052,0.2513404635467027,9.181302405918002
89638.2429245674,43122.86707623539,6.5,0.0,0.0,0.9547407931833788,0.2974390993658581,9.19229782804573
89637.50592407826,43123.42870741359,6.5,0.0,0.0,0.9411436033894349,0.338006978920776,9.210764184974373
89636.82592464963,43124.03561738094,6.5,0.0,0.0,0.9271010465512664,0.3748114852609864,9.212362168963923
89636.06395073098,43124.82243709283,6.5,0.0,0.0,0.9158600889149628,0.40149756852648116,9.260001417316417
89635.45781552486,43125.520491961375,6.5,0.0,0.0,0.9068631320111852,0.4214252719034109,9.279710833429586
89634.86790060066,43126.240239385996,6.5,0.0,0.0,0.903853132905387,0.42784286150071127,9.27591705196653
