s_m,x_m,y_m,psi_rad,kappa_radpm,vx_mps,ax_mps2
0.0000000,89656.2283982,43129.3511351,-1.8915952,-0.0492849,7.5487503,0.3855898
0.6000000,89656.0392204,43128.7817961,-1.9211822,-0.0754257,7.5793982,0.2737172
1.2000000,89655.8167236,43128.2246971,-1.9820866,-0.1031964,7.5920862,0.1235178
1.8000000,89655.5597875,43127.6825983,-2.0450098,-0.1065987,7.5989214,0.0679250
2.4000000,89655.2691205,43127.1578227,-2.1100119,-0.1102188,7.6028128,0.0307900
3.0000000,89654.9440826,43126.6536175,-2.1772712,-0.1147988,7.6037812,0.0500282
3.6000000,89654.5856881,43126.1726022,-2.2477784,-0.1178568,7.6107080,0.0863510
4.2000000,89654.1930543,43125.7191331,-2.3186678,-0.1153423,7.6173963,0.1219050
4.8000000,89653.7702849,43125.2935830,-2.3861854,-0.1126419,7.6299122,0.2047508
5.4000000,89653.3201638,43124.8970905,-2.4538383,-0.1113632,7.6495987,0.2070755
6.0000000,89652.8438549,43124.5324580,-2.5198009,-0.1055772,7.6623963,0.2393251
6.6000000,89652.3455048,43124.1986329,-2.5805186,-0.0977601,7.6870791,0.3616550
7.2000000,89651.8285133,43123.8943699,-2.6371034,-0.0942622,7.7188529,0.4297231
7.8000000,89651.2956187,43123.6189426,-2.6936344,-0.0965257,7.7538854,0.5276009
8.4000000,89650.7476094,43123.3749530,-2.7529226,-0.0960582,7.8005050,0.4534983
9.0000000,89650.1858591,43123.1644949,-2.8088812,-0.0904530,7.8236498,0.3954567
9.6000000,89649.6139822,43122.9832198,-2.8614750,-0.0857720,7.8611606,0.4691229
10.2000000,89649.0332099,43122.8328987,-2.9117964,-0.0777978,7.8952611,0.3839468
10.8000000,89648.4460000,43122.7099955,-2.9548291,-0.0672277,7.9195166,0.2241179
11.4000000,89647.8544214,43122.6101480,-2.9924721,-0.0628276,7.9292204,0.1689516
12.0000000,89647.2596285,43122.5317600,-3.0302224,-0.0650295,7.9450856,0.1922642
12.6000000,89646.6622006,43122.4768184,-3.0705029,-0.0682270,7.9582594,0.1811252
13.2000000,89646.0629795,43122.4465469,-3.1120975,-0.0709826,7.9723969,0.3122274
13.8000000,89645.4630676,43122.4414396,-3.1556875,-0.0757388,8.0052556,0.3251220
14.4000000,89644.8635846,43122.4634534,-3.2029779,-0.0827794,8.0211332,0.3445620
15.0000000,89644.2659212,43122.5150191,-3.2550139,-0.0846447,8.0568037,0.3825390
15.6000000,89643.6719648,43122.5991910,-3.3045270,-0.0800467,8.0781095,0.2018423
16.2000000,89643.0822933,43122.7095976,-3.3510779,-0.0799590,8.0867873,0.1940205
16.8000000,89642.4987220,43122.8486275,-3.4004708,-0.0822087,8.1069002,0.3359635
17.4000000,89641.9228155,43123.0166513,-3.4497182,-0.0797176,8.1365174,0.2957393
18.0000000,89641.3556792,43123.2124145,-3.4961315,-0.0762349,8.1505168,0.3225026
18.6000000,89640.7977914,43123.4331134,-3.5412110,-0.0727903,8.1839994,0.3782495
19.2000000,89640.2506434,43123.6791192,-3.5834684,-0.0660826,8.2059786,0.3908473
19.8000000,89639.7133745,43123.9461230,-3.6205080,-0.0592025,8.2411549,0.4888911
20.4000000,89639.1858881,43124.2319752,-3.6545118,-0.0577148,8.2771664,0.3388496
21.0000000,89638.6679866,43124.5348828,-3.6897705,-0.0596580,8.2902803,0.4026867
21.6000000,89638.1619667,43124.8571826,-3.7260968,-0.0596131,8.3354544,0.6080516
22.2000000,89637.6674396,43125.1968698,-3.7613048,-0.0573102,8.3778175,0.4070991
22.8000000,89637.1853375,43125.5539826,-3.7948659,-0.0560161,8.3937654,0.3231865
23.4000000,89636.7147134,43125.9260695,-3.8285250,-0.0568892,8.4240213,0.4147538
24.0000000,89636.2577105,43126.3148146,-3.8631284,-0.0535643,8.4528470,0.2780871
24.6000000,89635.8139165,43126.7185805,-3.8928030,-0.0472203,8.4634996,0.0735419
25.2000000,89635.3807871,43127.1337381,-3.9197949,-0.0444418,8.4632742,-0.1039643
25.8000000,89634.9594273,43127.5608596,-3.9461304,-0.0429795,8.4487586,-0.1080512
26.4000000,89634.5487421,43127.9982586,-3.9713721,-0.0411649,8.4479274,0.0439423
27.0000000,89634.1494845,43128.4460855,-3.9955261,-0.0394378,8.4550005,0.2234773
27.6000000,89633.7604037,43128.9028011,-4.0186966,-0.0369199,8.4796450,0.3458925
28.2000000,89633.3823090,43129.3686564,-4.0398285,-0.0339830,8.5039496,0.3732044
28.8000000,89633.0128696,43129.8414068,-4.0594767,-0.0297508,8.5323082,0.3459371
29.4000000,89632.6533584,43130.3217699,-4.0755281,-0.0225294,8.5526028,0.3832337
30.0000000,89632.2992780,43130.8061424,-4.0865129,-0.0179503,8.5860790,0.6092394
30.6000000,89631.9504060,43131.2942872,-4.0970683,-0.0121797,8.6377508,0.5177933
31.2000000,89631.6066263,43131.7860304,-4.1011285,-0.0033449,8.6580135,0.5320530
31.8000000,89631.2617284,43132.2769939,-4.1010822,-0.0012729,8.7114933,0.7265376
32.4000000,89630.9179014,43132.7687078,-4.1026560,0.0011579,8.7580933,0.4357002
33.0000000,89630.5745517,43133.2607528,-4.0996927,0.0087609,8.7711913,0.4328918
33.6000000,89630.2278164,43133.7504206,-4.0921429,0.0116230,8.8173179,0.5809120
34.2000000,89629.8770756,43134.2372263,-4.0857451,0.0111002,8.8502510,0.3351114
34.8000000,89629.5241046,43134.7224157,-4.0788226,0.0144457,8.8627555,0.3755242
35.4000000,89629.1666591,43135.2043170,-4.0684103,0.0157658,8.9010962,0.3290156
36.0000000,89628.8036608,43135.6820523,-4.0599038,0.0127422,8.9071117,0.0675009
36.6000000,89628.4380695,43136.1578022,-4.0531195,0.0110227,8.9101902,0.1075840
37.2000000,89628.0686222,43136.6305687,-4.0466767,0.0088912,8.9216008,0.3242441
37.8000000,89627.6969285,43137.1015716,-4.0424500,0.0062571,8.9538027,0.3893151
38.4000000,89627.3234987,43137.5711972,-4.0391682,0.0041661,8.9737773,0.4199482
39.0000000,89626.9487216,43138.0397504,-4.0374507,0.0009542,9.0099594,0.5304907
39.6000000,89626.5736799,43138.5080916,-4.0380231,-0.0006346,9.0444312,0.3700342
40.2000000,89626.1994398,43138.9770732,-4.0382122,0.0001223,9.0590549,0.3411592
40.8000000,89625.8245752,43139.4455562,-4.0378763,-0.0014903,9.0896226,0.4794964
41.4000000,89625.4500200,43139.9142864,-4.0400005,-0.0042635,9.1223574,0.3865907
42.0000000,89625.0771494,43140.3843574,-4.0429925,-0.0045870,9.1404766,0.3983132
42.6000000,89624.7054059,43140.8553204,-4.0455049,-0.0048785,9.1746496,0.5441333
43.2000000,89624.3349018,43141.3272593,-4.0488467,-0.0055522,9.2116466,0.3730866
43.8000000,89623.9663144,43141.8006961,-4.0521676,-0.0055521,9.2232515,0.3420066
44.4000000,89623.5989532,43142.2750852,-4.0555092,-0.0066034,9.2561437,0.4957457
45.0000000,89623.2335384,43142.7509744,-4.0600917,-0.0073788,9.2875218,0.3119745
45.6000000,89622.8705403,43143.2287104,-4.0643637,-0.0066966,9.2964526,0.3050931
46.2000000,89622.5092044,43143.7077047,-4.0681276,-0.0058624,9.3269037,0.4251865
46.8000000,89622.1498128,43144.1881598,-4.0713985,-0.0046880,9.3511571,0.3100330
47.4000000,89621.7916180,43144.6695079,-4.0737532,-0.0043323,9.3666891,0.2310933
48.0000000,89621.4344930,43145.1516502,-4.0765973,-0.0044903,9.3807633,0.1473306
48.6000000,89621.0790419,43145.6350280,-4.0791415,-0.0028007,9.3855358,0.0470005
49.2000000,89620.7243746,43146.1189816,-4.0799581,-0.0003693,9.3867726,0.1994627
49.8000000,89620.3697133,43146.6029395,-4.0795847,0.0010604,9.4110350,0.2648882
50.4000000,89620.0146847,43147.0866280,-4.0786856,0.0014800,9.4205485,0.3201666
51.0000000,89619.6591538,43147.5699473,-4.0778087,0.0011056,9.4518182,0.6256262
51.6000000,89619.3032774,43148.0530125,-4.0773589,0.0009467,9.4999778,0.4808365
52.2000000,89618.9473118,43148.5360119,-4.0766726,0.0004751,9.5125556,0.3430264
52.8000000,89618.5907727,43149.0185882,-4.0767888,-0.0020453,9.5432502,0.4685519
53.4000000,89618.2349194,43149.5016701,-4.0791269,-0.0059560,9.5714729,0.4208495
54.0000000,89617.8806412,43149.9859078,-4.0839360,-0.0098513,9.5960132,0.4391769
54.6000000,89617.5294522,43150.4723880,-4.0909485,-0.0129273,9.6263928,0.4245729
55.2000000,89617.1820004,43150.9615461,-4.0994488,-0.0165784,9.6489393,0.4690260
55.8000000,89616.8391334,43151.4539245,-4.1108428,-0.0230974,9.6847237,0.4715605
56.4000000,89616.5029208,43151.9508681,-4.1271661,-0.0292855,9.7073687,0.4711962
57.0000000,89616.1763128,43152.4541684,-4.1459846,-0.0342711,9.7429717,0.4330144
57.6000000,89615.8590413,43152.9634046,-4.1682928,-0.0401439,9.7607012,0.3637237
58.2000000,89615.5552119,43153.4807621,-4.1941553,-0.0478941,9.7876887,0.4393725
58.8000000,89615.2646997,43154.0057091,-4.2257702,-0.0565368,9.8145696,0.4097675
59.4000000,89614.9941795,43154.5412089,-4.2619923,-0.0638007,9.8377898,0.2641329
60.0000000,89614.7424344,43155.0857863,-4.3023376,-0.0706732,9.8467882,0.1663177
60.6000000,89614.5159672,43155.6413260,-4.3467891,-0.0770414,9.8580584,0.1223552
61.2000000,89614.3135781,43156.2060722,-4.3947929,-0.0833228,9.8616822,-0.0204263
61.8000000,89614.1414064,43156.7807655,-4.4467663,-0.0910099,9.8555729,-0.1280816
62.4000000,89613.9987270,43157.3633951,-4.5040163,-0.1025470,9.8460872,-0.2167458
63.0000000,89613.8933542,43157.9539124,-4.5697982,-0.1127134,9.8291568,-0.2978409
63.6000000,89613.8283406,43158.5502190,-4.6392603,-0.1156449,9.8097251,-0.2872434
64.2000000,89613.8057556,43159.1496444,-4.7085567,-0.1130752,9.7940191,-0.4180011
64.8000000,89613.8237459,43159.7491547,-4.7749297,-0.1066734,9.7585100,-0.5873682
65.4000000,89613.8806965,43160.3463557,-4.8365464,-0.0987394,9.7217906,-0.3554221
66.0000000,89613.9722632,43160.9392031,-4.8934274,-0.1025264,9.7146388,-0.4783641
66.6000000,89614.0966267,43161.5260281,-4.9596105,-0.1226012,9.6627007,-0.9450265
67.2000000,89614.2656114,43162.1015105,-5.0405327,-0.1485765,9.5972770,-0.8299278
67.8000000,89614.4828319,43162.6604173,-5.1379350,-0.1673915,9.5589303,-0.9702696
68.4000000,89614.7599609,43163.1922091,-5.2412266,-0.1695941,9.4754722,-1.2935761
69.0000000,89615.0871669,43163.6946060,-5.3414714,-0.1753774,9.3951083,-0.8985831
69.6000000,89615.4646563,43164.1605827,-5.4516927,-0.1887450,9.3606998,-1.1314154
70.2000000,89615.8937321,43164.5791783,-5.5678598,-0.2071782,9.2500659,-1.8573058
70.8000000,89616.3682253,43164.9456317,-5.7004531,-0.2345058,9.1197537,-1.4843111
71.4000000,89616.8921294,43165.2372025,-5.8491064,-0.2450626,9.0547565,-1.6748192
72.0000000,89617.4527777,43165.4483945,-5.9944483,-0.2388746,8.8977949,-2.0263872
72.6000000,89618.0378666,43165.5775298,-6.1354999,-0.2344646,8.7814680,-1.2996812
73.2000000,89618.6355391,43165.6243522,-6.2757807,-0.2292356,8.7201916,-1.1700221
73.8000000,89619.2338566,43165.5863858,-6.4105243,-0.2181351,8.6204594,-1.2635042
74.4000000,89619.8222514,43165.4724154,-6.5375510,-0.2039309,8.5443072,-0.8204700
75.0000000,89620.3917348,43165.2853404,-6.6550141,-0.1860570,8.5052289,-0.6657666
75.6000000,89620.9377861,43165.0373919,-6.7608398,-0.1683845,8.4503744,-0.7733992
76.2000000,89621.4555949,43164.7346510,-6.8570908,-0.1487655,8.3954020,-0.4718849
76.8000000,89621.9441654,43164.3867754,-6.9393699,-0.1287413,8.3829253,-0.1287327
77.4000000,89622.4053626,43164.0033210,-7.0115811,-0.1127592,8.3769741,0.0148254
78.0000000,89622.8388339,43163.5887017,-7.0746521,-0.0982520,8.3850490,0.1199248
78.6000000,89623.2482226,43163.1501684,-7.1294953,-0.0864048,8.3941368,0.2464542
79.2000000,89623.6337698,43162.6905063,-7.1783394,-0.0742505,8.4202814,0.3930805
79.8000000,89623.9984371,43162.2141310,-7.2185961,-0.0605001,8.4501559,0.4146011
80.4000000,89624.3457752,43161.7249389,-7.2509386,-0.0496167,8.4791586,0.4603461
81.0000000,89624.6789125,43161.2259491,-7.2781379,-0.0408563,8.5153057,0.3817052
81.6000000,89624.9991521,43160.7185735,-7.2999656,-0.0315033,8.5329495,0.4602279
82.2000000,89625.3102030,43160.2055076,-7.3159428,-0.0234997,8.5800282,0.7482967
82.8000000,89625.6140726,43159.6881537,-7.3281654,-0.0184039,8.6376060,0.5815761
83.4000000,89625.9124931,43159.1676324,-7.3380275,-0.0156112,8.6608250,0.4906281
84.0000000,89626.2061022,43158.6443814,-7.3468989,-0.0140555,8.7055850,0.4618914
84.6000000,89626.4952405,43158.1186481,-7.3548941,-0.0120163,8.7244933,0.3690911
85.2000000,89626.7804453,43157.5907696,-7.3613184,-0.0089044,8.7563512,0.5528014
85.8000000,89627.0628061,43157.0613624,-7.3655794,-0.0066702,8.8002511,0.5804283
86.4000000,89627.3435030,43156.5310710,-7.3693227,-0.0068700,8.8354982,0.3686625
87.0000000,89627.6218922,43155.9995652,-7.3738233,-0.0075658,8.8503212,0.3376878
87.6000000,89627.8978038,43155.4667700,-7.3784016,-0.0091706,8.8812847,0.6040804
88.2000000,89628.1713150,43154.9327368,-7.3848281,-0.0112453,8.9319419,0.5595259
88.8000000,89628.4403552,43154.3964408,-7.3918958,-0.0113396,8.9564566,0.6078646
89.4000000,89628.7062899,43153.8585962,-7.3984356,-0.0121958,9.0133846,0.8254726
90.0000000,89628.9682941,43153.3188245,-7.4065308,-0.0119301,9.0663562,0.4935074
90.6000000,89629.2254855,43152.7767468,-7.4127516,-0.0095274,9.0787040,0.3484619
91.2000000,89629.4807539,43152.2337576,-7.4179638,-0.0066150,9.1124150,0.5879845
91.8000000,89629.7322817,43151.6890260,-7.4206896,-0.0036988,9.1561347,0.4811069
92.4000000,89629.9845851,43151.1446557,-7.4224023,-0.0024411,9.1754687,0.5548323
93.0000000,89630.2342455,43150.5990655,-7.4236189,0.0005675,9.2286976,0.6575669
93.6000000,89630.4852249,43150.0540799,-7.4217213,0.0039082,9.2609716,0.5643443
94.2000000,89630.7369545,43149.5094407,-7.4189291,0.0052761,9.3018231,0.5003512
94.8000000,89630.9909724,43148.9658669,-7.4153900,0.0085808,9.3255204,0.6456638
95.4000000,89631.2465503,43148.4230240,-7.4086320,0.0120530,9.3849066,0.5730835
96.0000000,89631.5078865,43147.8829443,-7.4009269,0.0122469,9.3987977,0.4465388
96.6000000,89631.7717987,43147.3441047,-7.3939358,0.0167401,9.4419188,0.6311919
97.2000000,89632.0406646,43146.8077237,-7.3808382,0.0221485,9.4790176,0.5246533
97.8000000,89632.3185904,43146.2759995,-7.3673593,0.0199785,9.5083375,0.4297696
98.4000000,89632.6018177,43145.7470576,-7.3568639,0.0209138,9.5332567,0.4635059
99.0000000,89632.8908503,43145.2212706,-7.3422618,0.0275345,9.5666814,0.5629762
99.6000000,89633.1893876,43144.7008501,-7.3238242,0.0298393,9.6038738,0.4305714
100.2000000,89633.4976106,43144.1860705,-7.3064556,0.0284628,9.6204811,0.4236754
100.8000000,89633.8140538,43143.6763140,-7.2896676,0.0338588,9.6567205,0.4994836
101.4000000,89634.1393740,43143.1721871,-7.2658232,0.0399608,9.6825499,0.3489391
102.0000000,89634.4797620,43142.6780886,-7.2417195,0.0411884,9.6999660,0.3788753
102.6000000,89634.8289895,43142.1902365,-7.2163914,0.0486226,9.7294212,0.4712358
103.2000000,89635.1939446,43141.7140258,-7.1833766,0.0519800,9.7580869,0.2713287
103.8000000,89635.5745926,43141.2502894,-7.1540198,0.0482519,9.7627878,0.1216609
104.4000000,89635.9668568,43140.7963211,-7.1254721,0.0529512,9.7730410,0.1345532
105.0000000,89636.3733516,43140.3550574,-7.0904766,0.0623768,9.7793092,0.0609361
105.6000000,89636.7963573,43139.9296809,-7.0506263,0.0683407,9.7805183,-0.0250033
106.2000000,89637.2366713,43139.5221996,-7.0084768,0.0816434,9.7762414,-0.1315800
106.8000000,89637.6940169,43139.1339294,-6.9526167,0.1057968,9.7643673,-0.2340858
107.4000000,89638.1768693,43138.7781935,-6.8815597,0.1324620,9.7474733,-0.5031521
108.0000000,89638.6845164,43138.4586534,-6.7936021,0.1594959,9.7024249,-0.8363269
108.6000000,89639.2221614,43138.1929282,-6.6902088,0.1756110,9.6440360,-1.0479083
109.2000000,89639.7842250,43137.9845723,-6.5829250,0.1820835,9.5720344,-0.9337761
109.8000000,89640.3660605,43137.8394050,-6.4717854,0.1884959,9.5269730,-1.0938036
110.4000000,89640.9601987,43137.7601159,-6.3567462,0.2050783,9.4342609,-1.7408761
111.0000000,89641.5596509,43137.7514447,-6.2256540,0.2230680,9.3055406,-1.3107679
111.6000000,89642.1541738,43137.8288827,-6.0892959,0.2208227,9.2652303,-1.3856206
112.2000000,89642.7334584,43137.9819290,-5.9607023,0.2188039,9.1260799,-2.1739695
112.8000000,89643.2888034,43138.2080162,-5.8267831,0.2152585,8.9793722,-1.3632782
113.4000000,89643.8073375,43138.5091777,-5.7025843,0.1984570,8.9438919,-0.7064710
114.0000000,89644.2901053,43138.8648981,-5.5883834,0.1864350,8.8845852,-1.0477510
114.6000000,89644.7268789,43139.2755613,-5.4790501,0.1728808,8.8023770,-1.1060094
115.2000000,89645.1209400,43139.7274659,-5.3809304,0.1563202,8.7338064,-0.6657619
115.8000000,89645.4693869,43140.2155843,-5.2915449,0.1432228,8.7109032,-0.6643201
116.4000000,89645.7769325,43140.7305697,-5.2090060,0.1335502,8.6422908,-0.8164579
117.0000000,89646.0404344,43141.2693370,-5.1313258,0.1261680,8.5975363,-0.4070081
117.6000000,89646.2645845,43141.8256836,-5.0575918,0.1326680,8.5854827,-0.3178020
118.2000000,89646.4460573,43142.3973161,-4.9720928,0.1567800,8.5531169,-0.5058763
118.8000000,89646.5722607,43142.9836480,-4.8694539,0.1757210,8.5145084,-0.3652044
119.4000000,89646.6333829,43143.5801556,-4.7612998,0.1772711,8.5016464,-0.2574337
120.0000000,89646.6308066,43144.1796860,-4.6567948,0.1692818,8.4781718,-0.2919842
120.6000000,89646.5668394,43144.7758741,-4.5582531,0.1600784,8.4603190,-0.1687975
121.2000000,89646.4468774,43145.3635137,-4.4647032,0.1497645,8.4542298,-0.0338181
121.8000000,89646.2730632,43145.9376041,-4.3785539,0.1328758,8.4555188,0.0387916
122.4000000,89646.0541073,43146.4960182,-4.3052460,0.1125886,8.4597351,0.1032004
123.0000000,89645.7982844,43147.0385692,-4.2434547,0.0946108,8.4701576,0.2581343
123.6000000,89645.5121202,43147.5658154,-4.1917183,0.0773176,8.4963060,0.3436596
124.2000000,89645.2015638,43148.0791442,-4.1506711,0.0577641,8.5186954,0.4670209
124.8000000,89644.8730842,43148.5812134,-4.1223964,0.0370788,8.5620937,0.6091295
125.4000000,89644.5339947,43149.0761933,-4.1061733,0.0202871,8.6040665,0.4606413
126.0000000,89644.1893886,43149.5673591,-4.0980510,0.0076944,8.6263388,0.5373312
126.6000000,89643.8422970,43150.0567745,-4.0969398,-0.0036318,8.6788140,0.7147157
127.2000000,89643.4965994,43150.5471745,-4.1024093,-0.0118950,8.7251609,0.4585540
127.8000000,89643.1548846,43151.0403538,-4.1112137,-0.0161901,8.7418804,0.4296013
128.4000000,89642.8178768,43151.5367628,-4.1218373,-0.0185009,8.7841324,0.6064602
129.0000000,89642.4867158,43152.0370925,-4.1334147,-0.0174704,8.8247289,0.4240390
129.6000000,89642.1612924,43152.5411699,-4.1428016,-0.0134634,8.8417939,0.4383865
130.2000000,89641.8395819,43153.0476291,-4.1495709,-0.0087936,8.8842264,0.6364245
130.8000000,89641.5210106,43153.5560689,-4.1533540,-0.0027617,8.9277563,0.5982412
131.4000000,89641.2031407,43154.0649485,-4.1528850,0.0025859,8.9646373,0.3524123
132.0000000,89640.8840925,43154.5730896,-4.1502509,0.0044497,8.9749299,0.0869868
132.6000000,89640.5635469,43155.0802862,-4.1475453,0.0056640,8.9762680,-0.1599382
133.2000000,89640.2417535,43155.5866939,-4.1434541,0.0100345,8.9535485,-0.2426189
133.8000000,89639.9170687,43156.0912507,-4.1355038,0.0145413,8.9437509,-0.1890820
134.4000000,89639.5872671,43156.5924733,-4.1260048,0.0153534,8.9281790,-0.2047281
135.0000000,89639.2530559,43157.0907709,-4.1170798,0.0160910,8.9162343,-0.0774767
135.6000000,89638.9143575,43157.5860315,-4.1066954,0.0175771,8.9177517,0.0205558
136.2000000,89638.5698728,43158.0772770,-4.0959875,0.0189659,8.9190003,0.0965612
136.8000000,89638.2206498,43158.5651666,-4.0839361,0.0215811,8.9307434,0.1819929
137.4000000,89637.8644226,43159.0479716,-4.0700905,0.0226780,8.9434542,0.1868661
138.0000000,89637.5018258,43159.5260036,-4.0567224,0.0221482,8.9558165,0.1595111
138.6000000,89637.1328234,43159.9991076,-4.0435130,0.0209876,8.9648273,0.0707997
139.2000000,89636.7577215,43160.4673998,-4.0315373,0.0188027,8.9652934,0.1030361
139.8000000,89636.3774931,43160.9315326,-4.0209497,0.0133005,8.9786186,0.2064876
140.4000000,89635.9925610,43161.3917760,-4.0155769,0.0071517,8.9928907,0.1271530
141.0000000,89635.6073636,43161.8518007,-4.0123674,0.0062698,8.9955858,0.1064703
141.6000000,89635.2194843,43162.3095649,-4.0080531,0.0041934,9.0070937,0.2001561
142.2000000,89634.8303318,43162.7662489,-4.0073353,0.0007172,9.0222522,0.1639154
142.8000000,89634.4417956,43163.2234559,-4.0071925,-0.0016294,9.0288952,0.1977178
143.4000000,89634.0525130,43163.6800283,-4.0092905,-0.0044748,9.0485302,0.1967046
144.0000000,89633.6658993,43164.1388609,-4.0125622,-0.0038816,9.0549818,0.1191155
144.6000000,89633.2796123,43164.5979712,-4.0139485,-0.0047551,9.0643159,0.2070989
145.2000000,89632.8942716,43165.0578745,-4.0182684,-0.0063801,9.0823991,0.2107492
145.8000000,89632.5119657,43165.5203048,-4.0216045,-0.0037481,9.0921608,0.2426695
146.4000000,89632.1297015,43165.9827699,-4.0227662,-0.0039920,9.1144270,0.4298196
147.0000000,89631.7484709,43166.4460874,-4.0263949,-0.0048958,9.1487506,0.3535676
147.6000000,89631.3695733,43166.9113140,-4.0286411,-0.0015841,9.1608029,0.3922056
148.2000000,89630.9904280,43167.3763396,-4.0282958,-0.0009946,9.2001267,0.5604538
148.8000000,89630.6112091,43167.8413046,-4.0298346,-0.0016667,9.2339045,0.3644538
149.4000000,89630.2334969,43168.3074945,-4.0302958,0.0019135,9.2474897,0.3518400
150.0000000,89629.8547070,43168.7728092,-4.0275384,0.0033858,9.2795610,0.4052797
150.6000000,89629.4744294,43169.2369093,-4.0262329,0.0031587,9.2998990,0.2321922
151.2000000,89629.0944260,43169.7012332,-4.0237479,0.0063501,9.3095216,0.2643030
151.8000000,89628.7118471,43170.1634369,-4.0186128,0.0076853,9.3339677,0.3164326
152.4000000,89628.3270954,43170.6238334,-4.0145256,0.0078185,9.3502031,0.1429572
153.0000000,89627.9407505,43171.0828949,-4.0092306,0.0094505,9.3523148,0.0874394
153.6000000,89627.5511443,43171.5391918,-4.0031851,0.0091471,9.3614225,0.1554469
154.2000000,89627.1592786,43171.9935470,-3.9982540,0.0080400,9.3722408,0.1411148
154.8000000,89626.7651913,43172.4459796,-3.9935370,0.0062970,9.3794905,0.0885411
155.4000000,89626.3690558,43172.8966188,-3.9906977,0.0012803,9.3835687,0.1740725
156.0000000,89625.9724057,43173.3468062,-3.9920007,-0.0047686,9.4017514,0.3344915
156.6000000,89625.5774460,43173.7984759,-3.9964200,-0.0093915,9.4262618,0.2961766
157.2000000,89625.1847916,43174.2521502,-4.0032705,-0.0135689,9.4394559,0.3180694
157.8000000,89624.7960578,43174.7091878,-4.0127027,-0.0191797,9.4666966,0.3421307
158.4000000,89624.4120366,43175.1701817,-4.0262864,-0.0291731,9.4828244,0.3256097
159.0000000,89624.0358655,43175.6376049,-4.0477117,-0.0401797,9.5079008,0.4027277
159.6000000,89623.6719556,43176.1146120,-4.0745009,-0.0486548,9.5336530,0.3950174
160.2000000,89623.3213710,43176.6014884,-4.1060986,-0.0560864,9.5576216,0.2253801
160.8000000,89622.9883167,43177.1005187,-4.1418017,-0.0630193,9.5619504,0.1385062
161.4000000,89622.6733808,43177.6111374,-4.1817244,-0.0756501,9.5750038,0.1426547
162.0000000,89622.3812066,43178.1351125,-4.2325905,-0.0933475,9.5798288,0.0304510
162.6000000,89622.1198022,43178.6749861,-4.2937300,-0.1103843,9.5788181,-0.0850458
163.2000000,89621.8937513,43179.2306036,-4.3650539,-0.1213203,9.5691746,-0.2058370
163.8000000,89621.7117672,43179.8021190,-4.4392588,-0.1248899,9.5530056,-0.1868325
164.4000000,89621.5703631,43180.3850212,-4.5149408,-0.1323937,9.5457056,-0.3611608
165.0000000,89621.4766296,43180.9774855,-4.5981397,-0.1488556,9.5076038,-0.8348725
165.6000000,89621.4337662,43181.5754187,-4.6935712,-0.1705511,9.4403324,-0.7815870
166.2000000,89621.4540975,43182.1747231,-4.8026880,-0.1816436,9.4082530,-0.9229136
166.8000000,89621.5417268,43182.7677569,-4.9114259,-0.1828005,9.3226170,-1.2519077
167.4000000,89621.6908636,43183.3485317,-5.0220639,-0.1850088,9.2471084,-1.0605811
168.0000000,89621.9065800,43183.9080335,-5.1333413,-0.1794069,9.1849851,-1.0044749
168.6000000,89622.1801575,43184.4414001,-5.2373112,-0.1774634,9.1158758,-1.1613936
169.2000000,89622.5066978,43184.9442984,-5.3462763,-0.1752666,9.0321010,-1.0196254
169.8000000,89622.8893211,43185.4061363,-5.4474569,-0.1535160,8.9804089,-0.6763243
170.4000000,89623.3103392,43185.8331977,-5.5305751,-0.1397058,8.9417277,-0.6034299
171.0000000,89623.7641351,43186.2253855,-5.6151196,-0.1413179,8.8994272,-0.5104862
171.6000000,89624.2510866,43186.5755515,-5.7001023,-0.1322604,8.8728936,-0.4664005
172.2000000,89624.7646883,43186.8853340,-5.7738119,-0.1225086,8.8363497,-0.6101533
172.8000000,89625.2978052,43187.1601819,-5.8471489,-0.1264062,8.7900332,-0.4549567
173.4000000,89625.8511909,43187.3915871,-5.9254526,-0.1263030,8.7742398,-0.3612256
174.0000000,89626.4206751,43187.5799292,-5.9987000,-0.1169278,8.7406305,-0.5055789
174.6000000,89627.0018931,43187.7280718,-6.0657507,-0.1109389,8.7048289,-0.3781667
175.2000000,89627.5914967,43187.8385957,-6.1318274,-0.1124330,8.6884986,-0.3310811
175.8000000,89628.1872722,43187.9088711,-6.2006799,-0.1179800,8.6591021,-0.3849288
176.4000000,89628.7863693,43187.9374034,-6.2734069,-0.1233184,8.6351542,-0.2178855
177.0000000,89629.3858937,43187.9205921,-6.3486123,-0.1280059,8.6288232,-0.1096847
177.6000000,89629.9825658,43187.8590280,-6.4270168,-0.1314422,8.6199004,-0.1233497
178.2000000,89630.5721995,43187.7487775,-6.5063236,-0.1280225,8.6116514,-0.0690414
178.8000000,89631.1515980,43187.5937547,-6.5806374,-0.1196615,8.6102798,-0.0122465
179.4000000,89631.7183510,43187.3974285,-6.6498865,-0.1123564,8.6099446,-0.0314476
180.0000000,89632.2709037,43187.1638598,-6.7154625,-0.1028509,8.6058968,-0.0730562
180.6000000,89632.8072171,43186.8950474,-6.7732971,-0.0861265,8.5997577,-0.2232659
181.2000000,89633.3291440,43186.5992549,-6.8188197,-0.0678599,8.5747426,-0.2537558
181.8000000,89633.8388253,43186.2827769,-6.8547291,-0.0529716,8.5642456,-0.0647505
182.4000000,89634.3382362,43185.9502585,-6.8823869,-0.0365432,8.5656699,0.0745602
183.0000000,89634.8296811,43185.6060567,-6.8985829,-0.0167109,8.5746911,0.1368090
183.6000000,89635.3180735,43185.2575297,-6.9024415,0.0030271,8.5848159,0.1496530
184.2000000,89635.8068495,43184.9095441,-6.8949501,0.0238802,8.5956098,0.1779320
184.8000000,89636.3004035,43184.5683770,-6.8737828,0.0440681,8.6096563,0.1553375
185.4000000,89636.8034505,43184.2414015,-6.8420669,0.0609506,8.6172605,0.0999624
186.0000000,89637.3175814,43183.9322414,-6.8006362,0.0788125,8.6235766,0.0500756
186.6000000,89637.8458677,43183.6480764,-6.7474999,0.0930607,8.6242287,-0.0275855
187.2000000,89638.3898738,43183.3952009,-6.6889842,0.0960277,8.6197382,-0.1297273
187.8000000,89638.9477711,43183.1746484,-6.6322692,0.0945349,8.6061687,-0.2286825
188.4000000,89639.5168686,43182.9849853,-6.5755371,0.0984041,8.5878519,-0.1901977
189.0000000,89640.0960861,43182.8290333,-6.5141965,0.1066272,8.5795919,-0.2210162
189.6000000,89640.6841349,43182.7104323,-6.4475852,0.1132172,8.5569391,-0.2905165
190.2000000,89641.2788720,43182.6328125,-6.3783552,0.1151060,8.5388507,-0.1692414
190.8000000,89641.8775887,43182.5965072,-6.3094839,0.1157788,8.5331549,-0.1068375
191.4000000,89642.4773778,43182.6012863,-6.2394316,0.1201135,8.5238264,-0.0934887
192.0000000,89643.0753626,43182.6489477,-6.1653510,0.1192627,8.5199934,-0.0196908
192.6000000,89643.6679662,43182.7422314,-6.0963409,0.1042432,8.5210530,0.0166275
193.2000000,89644.2536535,43182.8717030,-6.0402545,0.0920231,8.5223350,0.0456373
193.8000000,89644.8320639,43183.0307243,-5.9859111,0.0881168,8.5274791,0.1119241
194.4000000,89645.4003170,43183.2229859,-5.9345436,0.0797112,8.5380852,0.2214069
195.0000000,89645.9594369,43183.4405130,-5.8902479,0.0666168,8.5585971,0.3222051
195.6000000,89646.5084976,43183.6823188,-5.8546114,0.0512775,8.5832615,0.4294566
196.2000000,89647.0507319,43183.9391215,-5.8287098,0.0409140,8.6186381,0.5685970
196.8000000,89647.5865741,43184.2090528,-5.8055140,0.0316557,8.6624290,0.4489867
197.4000000,89648.1163302,43184.4907333,-5.7907236,0.0175332,8.6808359,0.3792480
198.0000000,89648.6439600,43184.7763979,-5.7844732,0.0093766,8.7148546,0.5818194
198.6000000,89649.1701640,43185.0646843,-5.7794716,0.0034102,8.7609501,0.5540977
199.2000000,89649.6949106,43185.3556129,-5.7803809,-0.0061318,8.7907502,0.5251701
199.8000000,89650.2216360,43185.6429407,-5.7868297,-0.0128703,8.8326396,0.5910502
200.4000000,89650.7500856,43185.9270745,-5.7958254,-0.0218664,8.8710501,0.3989017
201.0000000,89651.2818972,43186.2048810,-5.8130706,-0.0341509,8.8865996,0.4094901
201.6000000,89651.8198215,43186.4706182,-5.8368071,-0.0451399,8.9263455,0.4760831
202.2000000,89652.3641506,43186.7228431,-5.8672374,-0.0566218,8.9506011,0.4952582
202.8000000,89652.9172548,43186.9553776,-5.9047507,-0.0689153,8.9927444,0.5809173
203.4000000,89653.4789481,43187.1660851,-5.9499465,-0.0801037,9.0281192,0.5179037
204.0000000,89654.0506903,43187.3477137,-6.0008548,-0.0919385,9.0615831,0.3416248
204.6000000,89654.6309072,43187.5002445,-6.0602999,-0.1095500,9.0733597,0.2223715
205.2000000,89655.2200776,43187.6127566,-6.1323067,-0.1255389,9.0909929,0.1891624
205.8000000,89655.8160227,43187.6804224,-6.2109245,-0.1374535,9.0983289,0.0701287
206.4000000,89656.4154913,43187.6992888,-6.2972506,-0.1473524,9.1002424,-0.0188420
207.0000000,89657.0141020,43187.6635699,-6.3876942,-0.1536146,9.0958443,-0.2549183
207.6000000,89657.6070625,43187.5743036,-6.4815621,-0.1653210,9.0666114,-0.3623673
208.2000000,89658.1885839,43187.4274748,-6.5860834,-0.1798825,9.0478836,-0.6485385
208.8000000,89658.7502760,43187.2170328,-6.6974256,-0.1822733,8.9805972,-0.6418553
209.4000000,89659.2849058,43186.9454420,-6.8048216,-0.1836144,8.9621180,-0.8182988
210.0000000,89659.7884117,43186.6203782,-6.9177754,-0.1958350,8.8710296,-1.2760267
210.6000000,89660.2485964,43186.2360033,-7.0396073,-0.2030253,8.7895076,-0.8202843
211.2000000,89660.6590015,43185.7988337,-7.1614652,-0.2019657,8.7590391,-1.1538762
211.8000000,89661.0127083,43185.3149155,-7.2818829,-0.1986262,8.6314250,-1.4468187
212.4000000,89661.3069266,43184.7926349,-7.3997262,-0.2058841,8.5578924,-0.8473951
213.0000000,89661.5378842,43184.2394282,-7.5290309,-0.2259133,8.5126020,-1.1242426
213.6000000,89661.6887720,43183.6592023,-7.6706856,-0.2338628,8.3994108,-1.0925229
214.2000000,89661.7558564,43183.0635946,-7.8096036,-0.2284730,8.3565164,-0.9815145
214.8000000,89661.7418236,43182.4645396,-7.9447587,-0.2208866,8.2584648,-1.2505329
215.4000000,89661.6474517,43181.8726916,-8.0744443,-0.2070270,8.1748071,-0.6904005
216.0000000,89661.4801688,43181.2969865,-8.1931051,-0.1908447,8.1571192,-0.5600547
216.6000000,89661.2491507,43180.7435634,-8.3034879,-0.1756789,8.0924171,-0.8741186
217.2000000,89660.9597166,43180.2182088,-8.4039105,-0.1527421,8.0274988,-0.5852417
217.8000000,89660.6228616,43179.7218970,-8.4868043,-0.1287129,8.0049315,-0.4327535
218.4000000,89660.2506883,43179.2515017,-8.5584074,-0.1135278,7.9626258,-0.3708844
219.0000000,89659.8464731,43178.8083723,-8.6230024,-0.1015755,7.9490377,-0.1609488
219.6000000,89659.4167521,43178.3897929,-8.6802964,-0.0931519,7.9383287,-0.0619891
220.2000000,89658.9644355,43177.9957147,-8.7347874,-0.0862006,7.9396671,0.0288034
220.8000000,89658.4917337,43177.6263565,-8.7837245,-0.0818009,7.9426820,0.0759539
221.4000000,89658.0030455,43177.2783421,-8.8329614,-0.0825505,7.9511424,0.1760488
222.0000000,89657.4962916,43176.9572304,-8.8827698,-0.0785737,7.9692516,0.2184665
222.6000000,89656.9754346,43176.6595533,-8.9272512,-0.0686375,7.9840389,0.1188399
223.2000000,89656.4421428,43176.3847270,-8.9651261,-0.0583095,7.9871132,0.0696827
223.8000000,89655.9002151,43176.1273032,-8.9972265,-0.0517460,7.9945081,0.0877919
224.4000000,89655.3503611,43175.8872449,-9.0272192,-0.0457654,8.0002910,0.1505251
225.0000000,89654.7939436,43175.6627592,-9.0521454,-0.0365455,8.0170861,0.2617659
225.6000000,89654.2327912,43175.4503927,-9.0710755,-0.0255575,8.0394722,0.2176460
226.2000000,89653.6682778,43175.2471297,-9.0828146,-0.0124038,8.0495727,0.1946756
226.8000000,89653.1022886,43175.0479931,-9.0859605,0.0001015,8.0684937,0.2074832
227.4000000,89652.5365015,43174.8482839,-9.0826928,0.0122255,8.0804310,0.1234061
228.0000000,89651.9718324,43174.6454549,-9.0712894,0.0269291,8.0868204,0.1019883
228.6000000,89651.4107562,43174.4328985,-9.0503772,0.0412107,8.0955650,0.0952849
229.2000000,89650.8550756,43174.2066425,-9.0218347,0.0594128,8.1009444,0.0439767
229.8000000,89650.3070762,43173.9624363,-8.9790689,0.0840647,8.1020793,0.0471259
230.4000000,89649.7728302,43173.6895739,-8.9209584,0.1047271,8.1079242,0.0502823
231.0000000,89649.2569372,43173.3835236,-8.8533994,0.1178305,8.1095212,-0.0193530
231.6000000,89648.7644217,43173.0412527,-8.7795873,0.1317046,8.1050605,-0.0928451
232.2000000,89648.2992179,43172.6627026,-8.6953397,0.1486607,8.0957750,-0.0722072
232.8000000,89647.8711045,43172.2427107,-8.6012502,0.1630787,8.0943576,-0.0620289
233.4000000,89647.4849295,43171.7838232,-8.4996122,0.1748538,8.0865791,-0.0909651
234.0000000,89647.1504197,43171.2860487,-8.3914563,0.1814306,8.0808589,-0.0586928
234.6000000,89646.8717816,43170.7550551,-8.2818800,0.1822442,8.0778633,-0.0425809
235.2000000,89646.6535717,43170.1966603,-8.1728361,0.1818759,8.0745333,-0.0188601
235.8000000,89646.4964506,43169.6180971,-8.0636842,0.1808446,8.0750604,0.0412225
236.4000000,89646.4043401,43169.0256327,-7.9559187,0.1814799,8.0806592,0.0896378
237.0000000,89646.3745941,43168.4268318,-7.8458891,0.1869336,8.0883718,0.0739328
237.6000000,89646.4140284,43167.8284705,-7.7317001,0.1882433,8.0916280,0.1248006
238.2000000,89646.5206543,43167.2383330,-7.6199744,0.1792129,8.1068800,0.2633081
238.8000000,89646.6916837,43166.6636832,-7.5167347,0.1614680,8.1306035,0.2590146
239.4000000,89646.9170326,43166.1078983,-7.4262339,0.1450468,8.1451081,0.3757454
240.0000000,89647.1887884,43165.5732969,-7.3426670,0.1388653,8.1859612,0.5378169
240.6000000,89647.5034442,43165.0627615,-7.2596252,0.1369081,8.2239480,0.3436364
241.2000000,89647.8599142,43164.5803362,-7.1784142,0.1337669,8.2361030,0.3748173
241.8000000,89648.2530987,43164.1272794,-7.0990677,0.1294502,8.2785588,0.4392114
242.4000000,89648.6813037,43163.7072767,-7.0230975,0.1235652,8.2997679,0.4566699
243.0000000,89649.1384741,43163.3189949,-6.9507897,0.1213085,8.3445852,0.6592818
243.6000000,89649.6227690,43162.9650609,-6.8775392,0.1204847,8.3945764,0.4911512
244.2000000,89650.1317544,43162.6476566,-6.8062259,0.1148937,8.4147950,0.4751171
244.8000000,89650.6615014,43162.3661212,-6.7396643,0.1078145,8.4623310,0.6162302
245.4000000,89651.2081269,43162.1190812,-6.6768425,0.0997348,8.5021795,0.4084056
246.0000000,89651.7689254,43161.9061677,-6.6200071,0.0890226,8.5199734,0.2652632
246.6000000,89652.3400981,43161.7227045,-6.5700164,0.0841258,8.5395406,0.1712644
247.2000000,89652.9194345,43161.5668078,-6.5190447,0.0832094,8.5440400,0.0964457
247.8000000,89653.5063344,43161.4424200,-6.4701776,0.0784721,8.5530863,0.2150814
248.4000000,89654.0980838,43161.3438042,-6.4248701,0.0800017,8.5742160,0.2919074
249.0000000,89654.6937967,43161.2730398,-6.3741792,0.0884207,8.5939400,0.2685464
249.6000000,89655.2925191,43161.2348170,-6.3187695,0.0959468,8.6117140,0.2951385
250.2000000,89655.8923809,43161.2303711,-6.2590315,0.1036588,8.6350661,0.3044382
250.8000000,89656.4912491,43161.2637765,-6.1944030,0.1111156,8.6540212,0.2225715
251.4000000,89657.0866654,43161.3366819,-6.1257062,0.1168368,8.6659288,0.2102780
252.0000000,89657.6753870,43161.4518104,-6.0542007,0.1172158,8.6831391,0.1793960
252.6000000,89658.2542640,43161.6088171,-5.9850678,0.1134489,8.6907211,0.0662297
253.2000000,89658.8214299,43161.8039605,-5.9180801,0.1099968,8.6922840,0.0176384
253.8000000,89659.3742194,43162.0369118,-5.8530922,0.1023248,8.6931561,-0.0162695
254.4000000,89659.9113526,43162.3039448,-5.7953037,0.0920959,8.6900382,-0.0202900
255.0000000,89660.4336337,43162.5991113,-5.7425713,0.0908776,8.6903543,0.0503568
255.6000000,89660.9396755,43162.9212107,-5.6862466,0.0971092,8.6969916,0.1007826
256.2000000,89661.4254498,43163.2732012,-5.6260600,0.0947334,8.7042602,0.1708959
256.8000000,89661.8891746,43163.6537576,-5.5725872,0.0843133,8.7205520,0.1566575
257.4000000,89662.3346424,43164.0556244,-5.5248711,0.0790952,8.7258172,0.1576936
258.0000000,89662.7600306,43164.4786741,-5.4776734,0.0731788,8.7422384,0.2710871
258.6000000,89663.1656112,43164.9207118,-5.4370672,0.0602318,8.7630278,0.2340257
259.2000000,89663.5553028,43165.3769021,-5.4053954,0.0454469,8.7742857,0.3806382
259.8000000,89663.9321326,43165.8437832,-5.3825287,0.0266411,8.8150852,0.4856927
260.4000000,89664.3005724,43166.3173271,-5.3734247,0.0029575,8.8404032,0.4668745
261.0000000,89664.6688469,43166.7910019,-5.3789794,-0.0196690,8.8784589,0.4749692
261.6000000,89665.0425173,43167.2604143,-5.3970292,-0.0453226,8.9045993,0.2699931
262.2000000,89665.4276218,43167.7204574,-5.4333783,-0.0775834,8.9148437,0.0854476
262.8000000,89665.8343153,43168.1613931,-5.4901333,-0.1052143,8.9161012,-0.0476332
263.4000000,89666.2689709,43168.5747853,-5.5596168,-0.1234023,8.9084328,-0.1541809
264.0000000,89666.7327818,43168.9550995,-5.6382307,-0.1394444,8.8953324,-0.2789965
264.6000000,89667.2265787,43169.2951683,-5.7269040,-0.1577953,8.8707956,-0.5919036
265.2000000,89667.7501293,43169.5876670,-5.8275469,-0.1781975,8.8152625,-0.5822219
265.8000000,89668.3021063,43169.8222072,-5.9407988,-0.1944250,8.7915391,-0.7948754
266.4000000,89668.8775899,43169.9895214,-6.0607563,-0.2019228,8.7067660,-1.2204482
267.0000000,89669.4691669,43170.0861627,-6.1829333,-0.2082316,8.6233323,-0.7872917
267.6000000,89670.0683661,43170.1093007,-6.3106637,-0.2083115,8.5972086,-0.7069172
268.2000000,89670.6652856,43170.0532871,-6.4327593,-0.1909026,8.5246606,-0.8284630
268.8000000,89671.2521656,43169.9309027,-6.5397373,-0.1724429,8.4805875,-0.4203237
269.4000000,89671.8236615,43169.7494070,-6.6396453,-0.1617704,8.4651850,-0.1969599
270.0000000,89672.3748259,43169.5128614,-6.7338377,-0.1458395,8.4526670,0.0019744
270.6000000,89672.9024102,43169.2274437,-6.8146438,-0.1209287,8.4654653,0.1446682
271.2000000,89673.4083701,43168.9052636,-6.8789742,-0.1005665,8.4731741,0.2581219
271.8000000,89673.8949653,43168.5545188,-6.9353210,-0.0883729,8.5020214,0.3798711
272.4000000,89674.3615572,43168.1774292,-6.9850034,-0.0723018,8.5267902,0.3187840
273.0000000,89674.8110584,43167.7800526,-7.0220884,-0.0594439,8.5468848,0.2638548
273.6000000,89675.2484653,43167.3693849,-7.0563489,-0.0578978,8.5638359,0.4125415
274.2000000,89675.6697071,43166.9421613,-7.0915598,-0.0549871,8.6046918,0.5448436
274.8000000,89676.0771221,43166.5017466,-7.1223345,-0.0520893,8.6398192,0.3572371
275.4000000,89676.4712894,43166.0494196,-7.1540686,-0.0571349,8.6543091,0.3720080
276.0000000,89676.8499456,43165.5840564,-7.1908974,-0.0643166,8.6914015,0.5168348
276.6000000,89677.2097472,43165.1039622,-7.2312451,-0.0666650,8.7256672,0.3265945
277.2000000,89677.5496474,43164.6096071,-7.2708915,-0.0707088,8.7363165,0.2047794
277.8000000,89677.8702777,43164.1025424,-7.3161037,-0.0824654,8.7537952,0.2627605
278.4000000,89678.1641406,43163.5795265,-7.3698425,-0.0914100,8.7723366,0.2054661
279.0000000,89678.4285084,43163.0410315,-7.4257897,-0.0940206,8.7819017,0.2073885
279.6000000,89678.6621101,43162.4885276,-7.4826557,-0.0974689,8.8006752,0.2676812
280.2000000,89678.8636613,43161.9235050,-7.5427494,-0.1017166,8.8184008,0.1767757
280.8000000,89679.0293431,43161.3469414,-7.6047090,-0.1025500,8.8247306,0.1839575
281.4000000,89679.1594932,43160.7614080,-7.6657995,-0.1032679,8.8434157,0.2602860
282.0000000,89679.2536723,43160.1689614,-7.7286202,-0.1026425,8.8600499,0.1603265
282.6000000,89679.3094298,43159.5716451,-7.7889590,-0.0993767,8.8651302,0.1856123
283.2000000,89679.3315981,43158.9722084,-7.8478854,-0.1008417,8.8851748,0.2636687
283.8000000,89679.3167399,43158.3725351,-7.9099451,-0.1038050,8.9007403,0.2052386
284.4000000,89679.2645225,43157.7748996,-7.9724511,-0.1025858,8.9128451,0.2979697
285.0000000,89679.1750069,43157.1817703,-8.0330388,-0.1003145,8.9408581,0.3588937
285.6000000,89679.0509443,43156.5948815,-8.0928193,-0.0975968,8.9610141,0.2711164
286.2000000,89678.8913019,43156.0165860,-8.1501401,-0.0910980,8.9771643,0.2131941
286.8000000,89678.7009029,43155.4477019,-8.2021424,-0.0893650,8.9895123,0.1505239
287.4000000,89678.4820861,43154.8891007,-8.2573895,-0.0933154,8.9972575,0.0780571
288.0000000,89678.2301088,43154.3446642,-8.3141058,-0.0925427,8.9999231,0.1020312
288.6000000,89677.9494992,43153.8144774,-8.3684439,-0.0912909,9.0108618,0.1155118
289.2000000,89677.6399746,43153.3006074,-8.4236393,-0.0922723,9.0153061,0.0064651
289.8000000,89677.3026282,43152.8045081,-8.4791738,-0.0923692,9.0117224,-0.1198635
290.4000000,89676.9380646,43152.3281320,-8.5344766,-0.0951495,8.9993451,-0.1624937
291.0000000,89676.5480577,43151.8723414,-8.5933524,-0.1024934,8.9900550,-0.1011598
291.6000000,89676.1300254,43151.4420624,-8.6574621,-0.1087432,8.9858422,-0.0122123
292.2000000,89675.6849718,43151.0399177,-8.7238395,-0.1135226,8.9884241,0.0609489
292.8000000,89675.2136920,43150.6687743,-8.7936775,-0.1184662,8.9939792,0.0689715
293.4000000,89674.7168982,43150.3324479,-8.8660028,-0.1166012,8.9976264,0.0602099
294.0000000,89674.1969932,43150.0330888,-8.9335976,-0.1039678,9.0020093,0.1021705
294.6000000,89673.6594320,43149.7668037,-8.9907714,-0.0905279,9.0112461,0.1862583
295.2000000,89673.1088081,43149.5287376,-9.0422340,-0.0827081,9.0268127,0.1968274
295.8000000,89672.5467101,43149.3190827,-9.0900093,-0.0742395,9.0374118,0.2818818
296.4000000,89671.9758293,43149.1346176,-9.1313223,-0.0653421,9.0642414,0.5132564
297.0000000,89671.3983295,43148.9720650,-9.1684202,-0.0555481,9.1053610,0.3944057
297.6000000,89670.8153252,43148.8304202,-9.1979742,-0.0425187,9.1162203,0.4118651
298.2000000,89670.2291862,43148.7022566,-9.2194464,-0.0339322,9.1595762,0.7050181
298.8000000,89669.6406209,43148.5857684,-9.2386931,-0.0255917,9.2085850,0.5104108
299.4000000,89669.0499789,43148.4802557,-9.2501555,-0.0132287,9.2260895,0.3888614
300.0000000,89668.4588811,43148.3772866,-9.2545683,-0.0018727,9.2591627,0.3871435
300.6000000,89667.8673265,43148.2769900,-9.2524027,0.0098408,9.2762638,0.3596639
301.2000000,89667.2766827,43148.1714622,-9.2427592,0.0198280,9.3056896,0.3552998
301.8000000,89666.6871899,43148.0597789,-9.2286090,0.0278094,9.3220809,0.3271604
302.4000000,89666.0997717,43147.9375811,-9.2093885,0.0354650,9.3478039,0.3160527
303.0000000,89665.5150038,43147.8033242,-9.1860497,0.0410705,9.3626534,0.2585281
303.6000000,89664.9339561,43147.6538575,-9.1601069,0.0508309,9.3809391,0.1915834
304.2000000,89664.3569326,43147.4894528,-9.1250424,0.0641987,9.3871605,0.1839397
304.8000000,89663.7878494,43147.2996571,-9.0830819,0.0752812,9.4044529,0.2171794
305.4000000,89663.2267166,43147.0874957,-9.0346965,0.0891903,9.4148724,0.1476804
306.0000000,89662.6786461,43146.8436080,-8.9760683,0.1053780,9.4232760,0.0588891
306.6000000,89662.1462600,43146.5672940,-8.9082296,0.1171835,9.4223716,-0.0407091
307.2000000,89661.6362796,43146.2515567,-8.8355057,0.1143255,9.4180914,-0.1286989
307.8000000,89661.1495644,43145.9010008,-8.7710661,0.0985533,9.4059735,-0.2428777
308.4000000,89660.6843095,43145.5222733,-8.7172426,0.0902443,9.3871054,-0.2040322
309.0000000,89660.2380318,43145.1214105,-8.6627516,0.0985871,9.3798911,-0.2504438
309.6000000,89659.8167283,43144.6943268,-8.5989411,0.1048573,9.3550653,-0.3357706
310.2000000,89659.4251357,43144.2399599,-8.5369543,0.1003918,9.3368209,-0.1674207
310.8000000,89659.0599160,43143.7641132,-8.4784723,0.1046746,9.3335479,-0.1363070
311.4000000,89658.7239884,43143.2671039,-8.4113274,0.1176261,9.3192961,-0.2859605
312.0000000,89658.4257973,43142.7466877,-8.3373486,0.1250285,9.2967261,-0.2151232
312.6000000,89658.1668586,43142.2056980,-8.2613135,0.1231184,9.2915285,-0.1515705
313.2000000,89657.9509281,43141.6460845,-8.1896639,0.1207899,9.2771508,-0.2151056
313.8000000,89657.7718594,43141.0735259,-8.1163025,0.1193017,9.2637045,-0.2722188
314.4000000,89657.6400582,43140.4883177,-8.0465721,0.1052468,9.2418882,-0.2694519
315.0000000,89657.5423229,43139.8964607,-7.9899789,0.0875688,9.2287179,-0.0835004
315.6000000,89657.4774509,43139.3000324,-7.9415017,0.0731041,9.2310307,0.0551313
316.2000000,89657.4374649,43138.7014184,-7.9022434,0.0582143,9.2358848,0.2291712
316.8000000,89657.4195727,43138.1017093,-7.8716470,0.0386098,9.2608065,0.3019284
317.4000000,89657.4162698,43137.5017335,-7.8559087,0.0184062,9.2750082,0.4067006
318.0000000,89657.4172602,43136.9017363,-7.8495581,0.0030650,9.3134254,0.6313394
318.6000000,89657.4215780,43136.3017519,-7.8522306,-0.0147254,9.3563539,0.4627259
319.2000000,89657.4193614,43135.7017678,-7.8672293,-0.0306141,9.3727723,0.4722042
319.8000000,89657.4056824,43135.1019449,-7.8889672,-0.0408794,9.4168104,0.4590872
320.4000000,89657.3773919,43134.5026348,-7.9162851,-0.0493594,9.4312746,0.3129583
321.0000000,89657.3309793,43133.9044758,-7.9481973,-0.0560394,9.4566300,0.3586622
321.6000000,89657.2645252,43133.3082213,-7.9835292,-0.0582858,9.4767870,0.1946993
322.2000000,89657.1759935,43132.7148133,-8.0181359,-0.0560058,9.4812839,0.0807231
322.8000000,89657.0684614,43132.1245817,-8.0507378,-0.0564602,9.4870038,0.0471691
323.4000000,89656.9414550,43131.5382097,-8.0858873,-0.0542559,9.4872502,-0.0196673
324.0000000,89656.7927246,43130.9569694,-8.1158376,-0.0442467,9.4845161,-0.1085845
324.6000000,89656.6308391,43130.3792379,-8.1389877,-0.0291292,9.4735119,-0.1955455
325.2000000,89656.4553599,43129.8054839,-8.1507913,-0.0196711,9.4597466,-0.2170274
