s_m,x_m,y_m,psi_rad,kappa_radpm,vx_mps,ax_mps2
0.0000000, 89632.9985828, 43128.6481257, 2.2975813, -0.0101491, 4.9186075, 0.1730606
0.8912488, 89632.4063743, 43129.3141689, 2.2889146, -0.0134839, 6.5680861, 0.2496936
1.7861200, 89631.8234155, 43129.9931045, 2.2690476, -0.0161505, 8.2264485, 0.2938740
2.7246781, 89631.2277717, 43130.7184318, 2.2486133, -0.0179507, 8.2521701, 0.2075290
3.5885762, 89630.6931640, 43131.3970440, 2.2269373, -0.0178688, 8.2693720, 0.2131972
4.5500656, 89630.1142308, 43132.1647017, 2.2060019, -0.0166637, 8.2989812, 0.2405776
5.5546115, 89629.5266976, 43132.9795128, 2.1902385, -0.0141677, 8.3243822, 0.1968178
6.5381823, 89628.9599844, 43133.7834081, 2.1809498, -0.0110884, 8.3456805, 0.1811095
7.5319984, 89628.3936767, 43134.6000880, 2.1721426, -0.0080144, 8.3679971, 0.1946993
8.5266823, 89627.8349982, 43135.4230548, 2.1659585, -0.0058303, 8.3927055, 0.1711536
9.4952523, 89627.2929929, 43136.2257740, 2.1632895, -0.0043614, 8.4094723, 0.1389653
10.5853747, 89626.6853616, 43137.1308437, 2.1622366, -0.0029027, 8.4262158, 0.1397234
11.5932932, 89626.1232149, 43137.9674384, 2.1594590, -0.0013539, 8.4434663, 0.1597597
12.6499261, 89625.5390258, 43138.8478907, 2.1552634, -0.0001634, 8.4654115, 0.1754292
13.6909952, 89624.9657984, 43139.7169333, 2.1545957, 0.0005013, 8.4865764, 0.1790293
14.7516817, 89624.3805427, 43140.6015415, 2.1574897, 0.0011907, 8.5092238, 0.1899046
15.7581685, 89623.8213927, 43141.4384209, 2.1614222, 0.0023163, 8.5320299, 0.1866559
16.5974179, 89623.3526889, 43142.1345935, 2.1645489, 0.0032877, 8.5523839, 0.1485335
17.5749994, 89622.8049215, 43142.9442949, 2.1665904, 0.0038305, 8.5651460, 0.1281929
18.4786338, 89622.2970148, 43143.6916810, 2.1701922, 0.0040861, 8.5799270, 0.1251390
19.3432010, 89621.8074048, 43144.4042527, 2.1745506, 0.0043813, 8.5913538, 0.1008196
20.3629131, 89621.2272410, 43145.2428366, 2.1786365, 0.0049156, 8.6009927, 0.0837722
21.2462084, 89620.7206095, 43145.9663938, 2.1837968, 0.0052654, 8.6096374, 0.1159510
22.2724291, 89620.1286525, 43146.8046752, 2.1883590, 0.0047006, 8.6276288, 0.1538672
23.1840572, 89619.5985033, 43147.5463002, 2.1952125, 0.0027863, 8.6449836, 0.1690064
24.2893052, 89618.9495459, 43148.4409663, 2.2016397, -0.0003338, 8.6654251, 0.2066769
25.1821884, 89618.4199615, 43149.1598409, 2.2060986, -0.0050469, 8.6895618, 0.2403888
26.0556760, 89617.9013448, 43149.8627046, 2.2026082, -0.0117440, 8.7170414, 0.2349196
26.8448158, 89617.4380089, 43150.5015014, 2.1912712, -0.0194721, 8.7397917, 0.2189180
27.9340596, 89616.8092317, 43151.3909346, 2.1707090, -0.0277606, 8.7643239, 0.2009817
28.9929388, 89616.2253913, 43152.2743119, 2.1313383, -0.0356667, 8.7848130, 0.1733605
30.0855548, 89615.6657047, 43153.2126939, 2.0825219, -0.0441394, 8.8054431, 0.1587646
31.1600303, 89615.1645712, 43154.1631479, 2.0283753, -0.0534239, 8.8234021, 0.1324884
32.1999428, 89614.7319844, 43155.1088152, 1.9713660, -0.0636276, 8.8374224, 0.0766447
33.2623503, 89614.3451110, 43156.0982791, 1.9131797, -0.0765178, 8.8422725, -0.0300778
34.1524857, 89614.0768112, 43156.9470170, 1.8381502, -0.0898433, 8.8301912, -0.1743089
35.2560512, 89613.8187348, 43158.0199818, 1.7497489, -0.1023659, 8.8007296, -0.3183633
36.3017170, 89613.6949080, 43159.0582900, 1.6246745, -0.1163809, 8.7546082, -0.4379497
37.2868427, 89613.7096161, 43160.0433060, 1.4832686, -0.1311788, 8.6962877, -0.5354274
38.3146221, 89613.8704240, 43161.0584273, 1.3412767, -0.1491578, 8.6275831, -0.6020253
39.3454981, 89614.1767566, 43162.0427370, 1.1945838, -0.1643920, 8.5546186, -0.6917254
40.3154949, 89614.6033785, 43162.9138785, 1.0353454, -0.1758453, 8.4714955, -0.8635440
41.1921448, 89615.1156296, 43163.6252954, 0.8773066, -0.1890504, 8.3646377, -0.9879730
41.9717112, 89615.6592035, 43164.1840898, 0.6911400, -0.1990697, 8.2520570, -1.0292394
43.0287526, 89616.5246878, 43164.7909451, 0.4990276, -0.2018049, 8.1329839, -1.0165753
43.9844763, 89617.4141507, 43165.1406072, 0.2656563, -0.1958156, 8.0241300, -0.8707816
44.8867508, 89618.3062565, 43165.2756873, 0.0656939, -0.1818192, 7.9346659, -0.6063715
45.7429161, 89619.1621862, 43165.2556080, -0.1042578, -0.1680651, 7.8815760, -0.4018988
46.6757258, 89620.0801897, 43165.0900679, -0.2420911, -0.1533689, 7.8410396, -0.2738929
47.6331710, 89620.9936950, 43164.8033459, -0.3497780, -0.1343993, 7.8197999, -0.1496864
48.5611856, 89621.8495792, 43164.4446355, -0.4492124, -0.1183513, 7.8071857, -0.0928449
49.4893072, 89622.6633934, 43163.9984110, -0.5533728, -0.1051852, 7.7973008, -0.0653710
50.4418389, 89623.4474645, 43163.4575331, -0.6532998, -0.0954840, 7.7910571, -0.0011188
51.3662006, 89624.1519257, 43162.8590523, -0.7418854, -0.0881648, 7.7964003, 0.0694035
52.1808522, 89624.7284273, 43162.2834630, -0.8237729, -0.0803483, 7.8077035, 0.1204721
53.1995196, 89625.3968246, 43161.5147445, -0.8883363, -0.0700362, 7.8258284, 0.1724884
54.2266925, 89626.0180398, 43160.6967128, -0.9505714, -0.0585958, 7.8491858, 0.2202428
55.1772856, 89626.5458063, 43159.9060866, -1.0042683, -0.0469582, 7.8778584, 0.2176300
55.9698028, 89626.9533038, 43159.2263592, -1.0463938, -0.0378568, 7.9016267, 0.2092661
56.9267751, 89627.4216797, 43158.3918413, -1.0678350, -0.0308792, 7.9280566, 0.2231571
57.9166679, 89627.8917035, 43157.5206551, -1.0860243, -0.0234611, 7.9544566, 0.2341427
58.9758168, 89628.3765023, 43156.5789724, -1.1017783, -0.0161763, 7.9847385, 0.2449790
59.9447102, 89628.8083794, 43155.7116566, -1.1188244, -0.0114843, 8.0164088, 0.2515602
60.9985483, 89629.2598698, 43154.7594322, -1.1283480, -0.0091112, 8.0472179, 0.2540843
61.9052108, 89629.6477742, 43153.9399404, -1.1319425, -0.0071740, 8.0776753, 0.2642266
62.7949176, 89630.0231470, 43153.1332970, -1.1354946, -0.0049406, 8.1105145, 0.2494068
63.7591902, 89630.4295676, 43152.2588578, -1.1384134, -0.0030546, 8.1360708, 0.2103817
64.8049284, 89630.8654102, 43151.3082740, -1.1430205, -0.0022000, 8.1571363, 0.2286727
65.6754517, 89631.2245228, 43150.5152740, -1.1441724, -0.0015936, 8.1867929, 0.2695915
66.5732783, 89631.5971522, 43149.6984264, -1.1439747, 0.0000183, 8.2176040, 0.2650745
67.5847469, 89632.0149317, 43148.7772701, -1.1440445, 0.0030085, 8.2462488, 0.2586666
68.3690228, 89632.3404393, 43148.0637342, -1.1452483, 0.0067986, 8.2767077, 0.2866642
69.3585061, 89632.7471732, 43147.1617116, -1.1435719, 0.0106457, 8.3138942, 0.2977923
70.4522210, 89633.2035996, 43146.1677864, -1.1290139, 0.0146833, 8.3485505, 0.2606561
71.5573987, 89633.6872537, 43145.1740579, -1.1057792, 0.0218039, 8.3788187, 0.2302959
72.5994181, 89634.1664103, 43144.2487399, -1.0785006, 0.0313615, 8.4066894, 0.1965239
73.6197935, 89634.6619407, 43143.3567670, -1.0513513, 0.0392011, 8.4281463, 0.1553809
74.5743204, 89635.1466688, 43142.5344773, -1.0225523, 0.0487197, 8.4444712, 0.1199524
75.2712202, 89635.5225035, 43141.9476064, -0.9702086, 0.0609200, 8.4569181, 0.0805022
76.2687393, 89636.1039102, 43141.1370445, -0.9087380, 0.0749833, 8.4632661, 0.0159929
77.3977689, 89636.8288658, 43140.2715115, -0.8369372, 0.0940031, 8.4607346, -0.0566906
78.2769601, 89637.4477387, 43139.6470330, -0.7404154, 0.1083386, 8.4494694, -0.1593954
79.3136682, 89638.2416920, 43138.9803981, -0.6282433, 0.1182638, 8.4244500, -0.2648562
80.3008016, 89639.0809140, 43138.4606495, -0.4877707, 0.1327504, 8.3888979, -0.3728316
81.1296789, 89639.8416654, 43138.1315675, -0.3350160, 0.1516252, 8.3370609, -0.4878684
82.1707120, 89640.8430969, 43137.8471649, -0.2082502, 0.1648178, 8.2727850, -0.5812136
83.1558657, 89641.8191672, 43137.7136940, -0.0581446, 0.1758799, 8.2030249, -0.7205686
84.0885079, 89642.7515409, 43137.7360739, 0.1064158, 0.1838914, 8.1055832, -0.8485675
84.8889475, 89643.5356275, 43137.8970452, 0.3160968, 0.1895266, 8.0000579, -0.8580822
86.0325298, 89644.5909161, 43138.3376657, 0.4977003, 0.1942783, 7.9011162, -0.7923133
86.9178692, 89645.3063858, 43138.8591338, 0.7264851, 0.1969686, 7.8143427, -0.7376909
87.8832896, 89645.9684634, 43139.5617644, 0.9003305, 0.1965902, 7.7262980, -0.6389396
88.7198780, 89646.4213746, 43140.2651503, 1.0669374, 0.1958244, 7.6615854, -0.5273031
89.6851199, 89646.8366489, 43141.1364935, 1.2064761, 0.1898528, 7.6041656, -0.4470645
90.5181897, 89647.0597380, 43141.9391370, 1.3958659, 0.1747263, 7.5593765, -0.3568126
91.3829936, 89647.1308310, 43142.8010138, 1.5686174, 0.1591972, 7.5211741, -0.2357337
92.1628523, 89647.0633089, 43143.5779439, 1.7180802, 0.1440572, 7.5031386, -0.0729434
92.9582516, 89646.9000747, 43144.3564133, 1.8213954, 0.1252561, 7.5031539, 0.0573614
93.8108004, 89646.6550110, 43145.1729813, 1.9020954, 0.1013651, 7.5150718, 0.1441037
94.6783170, 89646.3410200, 43145.9816806, 1.9593884, 0.0796026, 7.5327661, 0.1790700
95.3706837, 89646.0641166, 43146.6162641, 2.0018156, 0.0617011, 7.5521024, 0.2083474
96.1351550, 89645.7324629, 43147.3050472, 2.0341275, 0.0489799, 7.5758310, 0.2397299
96.8403852, 89645.4073379, 43147.9308614, 2.0695014, 0.0387801, 7.5999651, 0.2778765
97.6697482, 89644.9986036, 43148.6525118, 2.1010008, 0.0302311, 7.6320544, 0.2741356
98.4353779, 89644.6008310, 43149.3067027, 2.1255770, 0.0240558, 7.6567443, 0.2681475
99.3054888, 89644.1369932, 43150.0428735, 2.1379935, 0.0188469, 7.6877254, 0.2769971
100.1674266, 89643.6702644, 43150.7675121, 2.1408646, 0.0131979, 7.7157827, 0.2535978
101.0859203, 89643.1761150, 43151.5417518, 2.1452671, 0.0081136, 7.7444397, 0.2317327
101.9600359, 89642.6961983, 43152.2723392, 2.1553406, 0.0047569, 7.7673262, 0.2330012
102.7613112, 89642.2516076, 43152.9389584, 2.1613365, 0.0034757, 7.7960116, 0.1856761
103.6121763, 89641.7762727, 43153.6446695, 2.1620057, 0.0029420, 7.8082972, 0.0748867
104.5465046, 89641.2566034, 43154.4211443, 2.1605638, 0.0016513, 7.8109484, -0.0145860
105.4591861, 89640.7490253, 43155.1796640, 2.1603781, -0.0001548, 7.8029810, -0.1056689
106.2965970, 89640.2835285, 43155.8757744, 2.1603146, -0.0009770, 7.7862045, -0.1777339
107.1400413, 89639.8145359, 43156.5768053, 2.1609650, -0.0010056, 7.7625632, -0.1887686
108.0723125, 89639.2953409, 43157.3511218, 2.1586113, -0.0014324, 7.7433497, -0.1424849
109.0250469, 89638.7692215, 43158.1454147, 2.1552128, -0.0022316, 7.7304285, -0.1004451
109.8934388, 89638.2906023, 43158.8700030, 2.1554778, -0.0028498, 7.7202878, -0.0718280
110.7748176, 89637.8034642, 43159.6045268, 2.1541045, -0.0027780, 7.7136622, -0.0326729
111.7015331, 89637.2947281, 43160.3791164, 2.1484824, -0.0018048, 7.7127295, 0.0032676
112.6288988, 89636.7909807, 43161.1577341, 2.1434680, -0.0005334, 7.7144300, 0.0198970
113.5431072, 89636.2968183, 43161.9268769, 2.1411566, 0.0011616, 7.7174416, 0.0311168
114.4617738, 89635.8013469, 43162.7004766, 2.1426306, 0.0043958, 7.7217733, 0.0343646
115.3699809, 89635.3081616, 43163.4631091, 2.1480272, 0.0093545, 7.7255819, 0.0229693
116.2886774, 89634.8044004, 43164.2313720, 2.1557468, 0.0153759, 7.7271545, 0.0241029
117.1541225, 89634.3230443, 43164.9506018, 2.1680658, 0.0215937, 7.7312266, 0.0442226
118.0754563, 89633.7995659, 43165.7087749, 2.1892856, 0.0271709, 7.7373171, 0.0836130
118.9504111, 89633.2816580, 43166.4139821, 2.2201117, 0.0327385, 7.7507501, 0.1332739
119.8375374, 89632.7342712, 43167.1120945, 2.2565475, 0.0372272, 7.7685492, 0.1762910
120.7636586, 89632.1336483, 43167.8170431, 2.2982044, 0.0387936, 7.7907724, 0.2124815
121.6988210, 89631.4969267, 43168.5019623, 2.3362127, 0.0383086, 7.8159249, 0.2344178
122.4312697, 89630.9784652, 43169.0193391, 2.3751685, 0.0360301, 7.8440253, 0.2249716
123.3365481, 89630.3172691, 43169.6376826, 2.4060653, 0.0314287, 7.8669708, 0.2058712
124.3399612, 89629.5633859, 43170.2998745, 2.4319247, 0.0250641, 7.8905492, 0.1806269
125.2371193, 89628.8756359, 43170.8759756, 2.4546806, 0.0165895, 7.9084510, 0.1854689
126.0553363, 89628.2371226, 43171.3876198, 2.4700445, 0.0062191, 7.9331642, 0.2065905
126.9630747, 89627.5244653, 43171.9498551, 2.4734209, -0.0038850, 7.9556435, 0.2090857
127.9306507, 89626.7650839, 43172.5494744, 2.4667604, -0.0162306, 7.9808719, 0.2102108
128.8358507, 89626.0622123, 43173.1198766, 2.4487564, -0.0307523, 8.0038600, 0.1942823
129.7064410, 89625.3988118, 43173.6836381, 2.4135919, -0.0443508, 8.0256782, 0.1267389
130.7989984, 89624.5970362, 43174.4258225, 2.3682820, -0.0585217, 8.0343406, 0.0601301
131.5936330, 89624.0489847, 43175.0012213, 2.2987752, -0.0733120, 8.0403560, 0.0218054
132.5367410, 89623.4413410, 43175.7224853, 2.2302534, -0.0879478, 8.0399445, -0.0513351
133.4705974, 89622.8999508, 43176.4833956, 2.1404885, -0.1039230, 8.0283917, -0.1269142
134.4289636, 89622.4219071, 43177.3140218, 2.0392381, -0.1176277, 8.0099198, -0.1772009
135.3505296, 89622.0524444, 43178.1582855, 1.9210964, -0.1281038, 7.9875759, -0.2444559
136.2714004, 89621.7908442, 43179.0412172, 1.7953159, -0.1399516, 7.9552789, -0.3448832
137.0730831, 89621.6698273, 43179.8337133, 1.6578577, -0.1482769, 7.9079765, -0.4030095
138.0050563, 89621.6403698, 43180.7652208, 1.5235250, -0.1525459, 7.8604404, -0.3920270
138.9776392, 89621.7595565, 43181.7304732, 1.3669130, -0.1539387, 7.8157257, -0.4046232
139.9098334, 89622.0247168, 43182.6241599, 1.2049212, -0.1513422, 7.7633328, -0.4263669
140.8808769, 89622.4385123, 43183.5026238, 1.0638703, -0.1482080, 7.7114386, -0.3972456
141.7760587, 89622.9285683, 43184.2517537, 0.9313603, -0.1452930, 7.6672015, -0.3672594
142.6741664, 89623.5067171, 43184.9390246, 0.8089713, -0.1396848, 7.6239679, -0.3759178
143.5768862, 89624.1691666, 43185.5522650, 0.6888908, -0.1343035, 7.5782956, -0.3743038
144.4511502, 89624.8760848, 43186.0666619, 0.5693738, -0.1293769, 7.5356836, -0.3284030
145.3494476, 89625.6595001, 43186.5062057, 0.4542787, -0.1262718, 7.5003333, -0.2990698
146.2391335, 89626.4800907, 43186.8499671, 0.3404967, -0.1247581, 7.4639974, -0.2910338
147.1498962, 89627.3539645, 43187.1065474, 0.2354241, -0.1230232, 7.4303112, -0.2698670
148.1066121, 89628.2938814, 43187.2850450, 0.1311547, -0.1210043, 7.3987227, -0.2279403
148.9987246, 89629.1837755, 43187.3479212, 0.0128166, -0.1164466, 7.3758194, -0.1994164
149.8942274, 89630.0783843, 43187.3079176, -0.0905945, -0.1109804, 7.3520788, -0.1690752
150.6082859, 89630.7846178, 43187.2024956, -0.1846600, -0.1047573, 7.3370781, -0.1126928
151.3441397, 89631.5027261, 43187.0418677, -0.2620107, -0.0943592, 7.3268528, -0.0743479
152.2125032, 89632.3329297, 43186.7872759, -0.3388330, -0.0817133, 7.3207870, -0.0646872
153.1260212, 89633.1819349, 43186.4500736, -0.4104276, -0.0665965, 7.3123802, -0.0626404
153.9837041, 89633.9561272, 43186.0809582, -0.4602258, -0.0487547, 7.3067066, -0.0500548
154.7679193, 89634.6528081, 43185.7209175, -0.4886116, -0.0295669, 7.3011215, -0.0414567
155.4178011, 89635.2223108, 43185.4078473, -0.5111736, -0.0095910, 7.2974870, -0.0867320
156.3520020, 89636.0343640, 43184.9460021, -0.5153383, 0.0093796, 7.2830117, -0.0804425
157.0898876, 89636.6772340, 43184.5837959, -0.5000256, 0.0262440, 7.2809455, -0.0319264
157.8173652, 89637.3202119, 43184.2434974, -0.4593473, 0.0424966, 7.2776119, -0.0432894
158.7229423, 89638.1405673, 43183.8599784, -0.4076943, 0.0577398, 7.2727957, -0.0774305
159.5826277, 89638.9400402, 43183.5439054, -0.3459161, 0.0714310, 7.2613181, -0.0626800
160.4908378, 89639.8030060, 43183.2608233, -0.2831766, 0.0805122, 7.2578377, -0.0770940
161.3626310, 89640.6481340, 43183.0468556, -0.2066441, 0.0858320, 7.2424997, -0.1301281
162.2544237, 89641.5276312, 43182.8992787, -0.1247530, 0.0895054, 7.2262202, -0.1276062
163.0554250, 89642.3261625, 43182.8364237, -0.0331233, 0.0909632, 7.2115698, -0.1042066
163.9487790, 89643.2194907, 43182.8432183, 0.0476950, 0.0901336, 7.2009238, -0.0637476
164.7743625, 89644.0416524, 43182.9183060, 0.1280745, 0.0861575, 7.1962505, 0.0064571
165.6317052, 89644.8875333, 43183.0580278, 0.1991093, 0.0786325, 7.2023778, 0.0778146
166.4854020, 89645.7178314, 43183.2565302, 0.2660487, 0.0696477, 7.2148107, 0.1136928
167.3474299, 89646.5420870, 43183.5089082, 0.3233878, 0.0592434, 7.2292451, 0.1588514
168.1872603, 89647.3309015, 43183.7971562, 0.3715607, 0.0458852, 7.2515985, 0.2285650
169.0206874, 89648.1008110, 43184.1162802, 0.4067664, 0.0318392, 7.2797984, 0.2652954
169.7441360, 89648.7605864, 43184.4130533, 0.4320996, 0.0173203, 7.3090082, 0.2753243
170.4883504, 89649.4335216, 43184.7308792, 0.4375101, 0.0028606, 7.3394114, 0.2844833
171.3363696, 89650.2028378, 43185.0876554, 0.4264682, -0.0125714, 7.3708059, 0.3062955
172.2034720, 89650.9949778, 43185.4403320, 0.4071796, -0.0298515, 7.4073144, 0.2935747
173.1026909, 89651.8246402, 43185.7871098, 0.3748958, -0.0469479, 7.4375078, 0.2836150
174.0173796, 89652.6825356, 43186.1043965, 0.3360390, -0.0627253, 7.4721754, 0.2975151
174.7997493, 89653.4264688, 43186.3466068, 0.2761368, -0.0786456, 7.5055140, 0.3077048
175.6903375, 89654.2910606, 43186.5602145, 0.1987306, -0.0945986, 7.5427943, 0.2882748
176.5772132, 89655.1672948, 43186.6971896, 0.1006513, -0.1109160, 7.5715534, 0.2543239
177.4929485, 89656.0819775, 43186.7410837, -0.0067276, -0.1267079, 7.6018262, 0.1722556
178.3620935, 89656.9493241, 43186.6852007, -0.1298242, -0.1407791, 7.6123621, 0.0264698
179.3080102, 89657.8782207, 43186.5065688, -0.2624128, -0.1537574, 7.6079788, -0.1002160
180.2287551, 89658.7472284, 43186.2022714, -0.4162476, -0.1678239, 7.5882925, -0.2334028
181.1650086, 89659.5713896, 43185.7580540, -0.5757576, -0.1814468, 7.5519796, -0.3389925
182.0405537, 89660.2615469, 43185.2192943, -0.7434109, -0.1937421, 7.5085521, -0.3986674
182.9189065, 89660.8583693, 43184.5748514, -0.9082550, -0.2044564, 7.4612380, -0.4990385
183.6714675, 89661.2605784, 43183.9387886, -1.0898874, -0.2099486, 7.4012963, -0.5944637
184.4537195, 89661.5660025, 43183.2186259, -1.2528006, -0.2089855, 7.3329504, -0.5920940
185.2116740, 89661.7404287, 43182.4810146, -1.4394156, -0.2018815, 7.2731685, -0.5454859
186.0746393, 89661.7774011, 43181.6188417, -1.6230863, -0.1907620, 7.2144598, -0.4936500
186.9218539, 89661.6514560, 43180.7810406, -1.7937344, -0.1777178, 7.1634085, -0.3539146
187.8085381, 89661.3950381, 43179.9322423, -1.9244940, -0.1662056, 7.1302369, -0.2131619
188.7011894, 89661.0362628, 43179.1148644, -2.0425711, -0.1534326, 7.1108834, -0.1629247
189.5826266, 89660.5901524, 43178.3546558, -2.1632987, -0.1391491, 7.0910913, -0.1548755
190.4644337, 89660.0534797, 43177.6549658, -2.2773951, -0.1271559, 7.0746780, -0.1333092
191.1377152, 89659.5823185, 43177.1740134, -2.3908870, -0.1186412, 7.0605552, -0.1091746
191.9096453, 89658.9976619, 43176.6699771, -2.4783236, -0.1104734, 7.0504346, -0.0935232
192.7458871, 89658.3164645, 43176.1849302, -2.5632792, -0.1011304, 7.0402107, -0.0745073
193.6272865, 89657.5604501, 43175.7318219, -2.6327057, -0.0869935, 7.0336843, -0.0507621
194.4214973, 89656.8539578, 43175.3690002, -2.6977387, -0.0699758, 7.0280821, -0.0448847
195.2395983, 89656.1050267, 43175.0397720, -2.7575506, -0.0544436, 7.0228177, -0.0391231
196.0216068, 89655.3711082, 43174.7697701, -2.8061880, -0.0390129, 7.0185963, -0.0408551
196.7987110, 89654.6330091, 43174.5266637, -2.8314405, -0.0219695, 7.0127441, -0.0369689
197.6392288, 89653.8307134, 43174.2760808, -2.8383902, -0.0020591, 7.0093582, -0.0338686
198.4754961, 89653.0327104, 43174.0260124, -2.8288780, 0.0181189, 7.0042632, -0.0389935
199.3464631, 89652.2063404, 43173.7508831, -2.8074309, 0.0391503, 6.9998084, -0.0465001
199.9772049, 89651.6142274, 43173.5335413, -2.7702234, 0.0575078, 6.9932006, -0.0518285
200.6995847, 89650.9456703, 43173.2599286, -2.7236174, 0.0729395, 6.9887360, -0.0598340
201.4372024, 89650.2804863, 43172.9411652, -2.6629577, 0.0901899, 6.9808631, -0.0729403
202.0992859, 89649.7039592, 43172.6156332, -2.5838884, 0.1049764, 6.9732562, -0.0711779
202.9234302, 89649.0204296, 43172.1551974, -2.5015608, 0.1160772, 6.9657451, -0.0631059
203.7137784, 89648.4105184, 43171.6525458, -2.4070205, 0.1287186, 6.9597617, -0.0262270
204.3972806, 89647.9279560, 43171.1684913, -2.2968619, 0.1373141, 6.9600915, 0.0241603
205.2125657, 89647.4168171, 43170.5333325, -2.1933474, 0.1442291, 6.9653715, 0.0740741
205.9802103, 89647.0064210, 43169.8846004, -2.0758108, 0.1557205, 6.9760457, 0.1125165
206.6885162, 89646.7040711, 43169.2440680, -1.9543036, 0.1638759, 6.9899229, 0.1386097
207.5097284, 89646.4349293, 43168.4682122, -1.8310933, 0.1665232, 7.0065813, 0.1453689
208.3420330, 89646.2796466, 43167.6505214, -1.6947017, 0.1689876, 7.0215083, 0.1752589
209.0412045, 89646.2461143, 43166.9521545, -1.5401287, 0.1671587, 7.0454352, 0.2075078
209.8865890, 89646.3268860, 43166.1106375, -1.3920066, 0.1631789, 7.0698498, 0.2258312
210.8206617, 89646.5615824, 43165.2065305, -1.2534671, 0.1601226, 7.0991422, 0.2694318
211.6395372, 89646.8726073, 43164.4490211, -1.1169732, 0.1510012, 7.1348816, 0.3263799
212.5383856, 89647.3132268, 43163.6655780, -0.9972563, 0.1399121, 7.1784923, 0.3481959
213.4274315, 89647.8408977, 43162.9500600, -0.8807255, 0.1336268, 7.2198038, 0.3597112
214.2540168, 89648.4036303, 43162.3446055, -0.7646061, 0.1254534, 7.2644156, 0.3801440
215.1601090, 89649.0894182, 43161.7524077, -0.6621668, 0.1167468, 7.3071199, 0.3608713
215.9189716, 89649.7147469, 43161.3224816, -0.5675551, 0.1127166, 7.3450181, 0.2762713
216.6521378, 89650.3467374, 43160.9508358, -0.4874540, 0.1095428, 7.3672827, 0.1788583
217.5043877, 89651.1143332, 43160.5805298, -0.4095142, 0.1067865, 7.3820473, 0.1272041
218.4035003, 89651.9520710, 43160.2540348, -0.3329646, 0.1060867, 7.3922596, 0.0833355
219.1054360, 89652.6259995, 43160.0577341, -0.2431239, 0.1039565, 7.3982983, 0.0281333
219.8675883, 89653.3720379, 43159.9018400, -0.1669516, 0.1042335, 7.3968970, 0.0380181
220.6026882, 89654.1012671, 43159.8091216, -0.0831503, 0.1080300, 7.4052827, 0.0681502
221.4432531, 89654.9409708, 43159.7710814, 0.0118130, 0.1098633, 7.4106785, 0.0238055
222.4075591, 89655.9034498, 43159.8304118, 0.1012825, 0.1117895, 7.4096720, -0.0220672
223.2468797, 89656.7337284, 43159.9532798, 0.1951040, 0.1141382, 7.4054308, -0.0255671
224.1072033, 89657.5689594, 43160.1595463, 0.2963779, 0.1132682, 7.4035017, -0.0302845
225.0212743, 89658.4284095, 43160.4707880, 0.4022810, 0.1148761, 7.3981354, -0.0363218
225.8647652, 89659.1835816, 43160.8465430, 0.5193656, 0.1155286, 7.3947624, -0.0025776
226.7941150, 89659.9651519, 43161.3493740, 0.6208468, 0.1115850, 7.3970600, 0.0371131
227.6409265, 89660.6263715, 43161.8784093, 0.7100609, 0.1048430, 7.4023112, 0.0629981
228.3373481, 89661.1345349, 43162.3546162, 0.7959126, 0.0939947, 7.4106384, 0.0881707
229.1884045, 89661.7082206, 43162.9832510, 0.8743892, 0.0784521, 7.4219029, 0.1224090
230.0886791, 89662.2569572, 43163.6969614, 0.9485952, 0.0593898, 7.4378007, 0.1428367
231.0060475, 89662.7670138, 43164.4594619, 1.0008348, 0.0342589, 7.4526925, 0.1360786
231.7229851, 89663.1386112, 43165.0725808, 1.0318384, 0.0054938, 7.4673241, 0.1353015
232.4818486, 89663.5244443, 43165.7260384, 1.0222153, -0.0230915, 7.4817163, 0.1160893
233.3990654, 89664.0125649, 43166.5025852, 0.9881395, -0.0506193, 7.4917349, 0.0426154
234.1728243, 89664.4546394, 43167.1376229, 0.9165712, -0.0770094, 7.4886996, -0.0491020
235.1144532, 89665.0555437, 43167.8625912, 0.8248951, -0.0989655, 7.4786248, -0.0716069
236.0016775, 89665.6938553, 43168.4788097, 0.7100636, -0.1146349, 7.4707851, -0.0847896
236.9005275, 89666.4077335, 43169.0249866, 0.6049775, -0.1284434, 7.4579306, -0.1410920
237.6191849, 89667.0223537, 43169.3974252, 0.4936480, -0.1374283, 7.4377018, -0.1833554
238.4075416, 89667.7332435, 43169.7382213, 0.3951928, -0.1430322, 7.4190815, -0.2057619
239.1795461, 89668.4604707, 43169.9973188, 0.2818172, -0.1501981, 7.3947653, -0.2601062
239.9401343, 89669.2026493, 43170.1636478, 0.1513037, -0.1525690, 7.3633838, -0.2827099
240.8276694, 89670.0864273, 43170.2452267, 0.0213172, -0.1523685, 7.3344872, -0.2464009
241.6804860, 89670.9380779, 43170.2006479, -0.1134800, -0.1513928, 7.3111560, -0.1828344
242.3786767, 89671.6239355, 43170.0699973, -0.2474573, -0.1432144, 7.2937939, -0.0873817
243.2642948, 89672.4715195, 43169.8132465, -0.3516731, -0.1359568, 7.2915295, -0.0114409
243.9944830, 89673.1378054, 43169.5145196, -0.4701181, -0.1274501, 7.2920035, 0.0310528
244.8513339, 89673.8849623, 43169.0950557, -0.5562864, -0.1155477, 7.2986083, 0.0836716
245.6825523, 89674.5698732, 43168.6240767, -0.6421091, -0.1068306, 7.3107877, 0.1449231
246.4102687, 89675.1322863, 43168.1622729, -0.7234906, -0.0968516, 7.3312242, 0.1633952
247.2929367, 89675.7762105, 43167.5585641, -0.7912255, -0.0895274, 7.3466500, 0.1508135
248.0300873, 89676.2699900, 43167.0112317, -0.8692318, -0.0874734, 7.3639588, 0.1582344
248.8115629, 89676.7558659, 43166.3991624, -0.9269489, -0.0847780, 7.3815084, 0.1540028
249.6772488, 89677.2584151, 43165.6942821, -0.9811543, -0.0843287, 7.3973679, 0.1333120
250.4113331, 89677.6449762, 43165.0702226, -1.0511844, -0.0829810, 7.4100335, 0.1345324
251.2437963, 89678.0358544, 43164.3352332, -1.1182399, -0.0802929, 7.4275295, 0.1677848
252.0723443, 89678.3708014, 43163.5774060, -1.1979975, -0.0816509, 7.4480723, 0.1782643
252.9744491, 89678.6656543, 43162.7248481, -1.2730493, -0.0825149, 7.4685462, 0.1883957
253.8317562, 89678.8866181, 43161.8965061, -1.3397013, -0.0827192, 7.4922885, 0.1956025
254.7446020, 89679.0709298, 43161.0024610, -1.3979432, -0.0840833, 7.5153055, 0.1861504
255.5720298, 89679.1857810, 43160.1830429, -1.4744937, -0.0845414, 7.5373446, 0.1855147
256.5902486, 89679.2482629, 43159.1667430, -1.5524351, -0.0864557, 7.5606655, 0.1886147
257.4948774, 89679.2210481, 43158.2625236, -1.6455095, -0.0887768, 7.5836943, 0.1910198
258.4387154, 89679.1104182, 43157.3251917, -1.7334668, -0.0913219, 7.6081590, 0.1757998
259.3940715, 89678.9137761, 43156.3902921, -1.8214854, -0.0932897, 7.6275613, 0.1481981
260.3099452, 89678.6466747, 43155.5142320, -1.9092506, -0.0929774, 7.6450317, 0.1155328
261.3291846, 89678.2717833, 43154.5664422, -1.9894591, -0.0907324, 7.6563618, 0.0687116
262.1624257, 89677.8943816, 43153.8235703, -2.0857375, -0.0905329, 7.6621232, 0.0383130
263.1388095, 89677.3813388, 43152.9928402, -2.1658623, -0.0899847, 7.6659505, 0.0513827
264.0868811, 89676.8165738, 43152.2313416, -2.2526897, -0.0900546, 7.6743898, 0.0749712
265.1066569, 89676.1421789, 43151.4664009, -2.3276617, -0.0897148, 7.6835499, 0.0907895
265.8850756, 89675.5828019, 43150.9250756, -2.4167950, -0.0860207, 7.6956036, 0.1121394
266.8843590, 89674.8123440, 43150.2887095, -2.4878381, -0.0832590, 7.7092124, 0.1447469
267.6723821, 89674.1652334, 43149.8390115, -2.5728129, -0.0807016, 7.7283118, 0.1826668
268.5025923, 89673.4498481, 43149.4177363, -2.6381593, -0.0758222, 7.7516640, 0.2095571
269.4532904, 89672.6058435, 43148.9801482, -2.7003650, -0.0696115, 7.7779416, 0.2301949
270.4207294, 89671.7165865, 43148.5991495, -2.7674816, -0.0616302, 7.8068437, 0.2810807
271.3979264, 89670.7965556, 43148.2698212, -2.8254436, -0.0506527, 7.8447381, 0.3225973
272.2835419, 89669.9468391, 43148.0202280, -2.8738578, -0.0397199, 7.8824784, 0.3201673
273.2092071, 89669.0500758, 43147.7907251, -2.9099008, -0.0276447, 7.9181751, 0.3032580
274.1922394, 89668.0894543, 43147.5820177, -2.9338347, -0.0144264, 7.9508262, 0.2915939
274.9631302, 89667.3339111, 43147.4289583, -2.9380508, -0.0000887, 7.9834747, 0.2437069
275.9211894, 89666.3962046, 43147.2325307, -2.9253496, 0.0149459, 8.0059213, 0.1739494
276.9321973, 89665.4107893, 43147.0064910, -2.9043683, 0.0313400, 8.0236295, 0.1062879
277.8695408, 89664.5025594, 43146.7746912, -2.8703908, 0.0464944, 8.0309623, 0.0579090
278.8742014, 89663.5401628, 43146.4863586, -2.8203590, 0.0580876, 8.0381127, 0.0301836
279.7970743, 89662.6745303, 43146.1663979, -2.7574113, 0.0703129, 8.0385451, -0.0136191
280.5590934, 89661.9789487, 43145.8552077, -2.6799478, 0.0821320, 8.0351113, -0.0623772
281.5232708, 89661.1300553, 43145.3980230, -2.6019989, 0.0937611, 8.0237751, -0.0885898
282.5338365, 89660.2864602, 43144.8416145, -2.5100017, 0.1026456, 8.0139649, -0.0979841
283.4810878, 89659.5519062, 43144.2435212, -2.4009642, 0.1038920, 8.0004665, -0.1018303
284.4332184, 89658.8869182, 43143.5620936, -2.2992822, 0.1027543, 7.9898390, -0.0838116
285.1829220, 89658.4203639, 43142.9752524, -2.1888081, 0.1027892, 7.9807627, -0.0772411
286.0507579, 89657.9508566, 43142.2453880, -2.1038759, 0.0981305, 7.9715770, -0.0582604
286.9940621, 89657.5005936, 43141.4164815, -2.0220735, 0.0903303, 7.9672828, -0.0563885
288.0194205, 89657.0931405, 43140.4755554, -1.9423121, 0.0811798, 7.9584117, -0.0690390
288.7927116, 89656.8482303, 43139.7420719, -1.8668427, 0.0712538, 7.9509898, -0.0352251
289.8429384, 89656.5612804, 43138.7318065, -1.8145339, 0.0639050, 7.9498504, 0.0332284
290.7303101, 89656.3809283, 43137.8629557, -1.7576800, 0.0561667, 7.9571734, 0.0877474
291.5230186, 89656.2491805, 43137.0812722, -1.7127046, 0.0464102, 7.9671111, 0.1202055
292.3780364, 89656.1479543, 43136.2322677, -1.6731135, 0.0371639, 7.9813943, 0.1449885
293.2001389, 89656.0779053, 43135.4131548, -1.6445819, 0.0270388, 7.9968683, 0.1504215
294.0851238, 89656.0221179, 43134.5299301, -1.6254864, 0.0129779, 8.0121033, 0.1354735
294.9045772, 89655.9847394, 43133.7113297, -1.6138871, -0.0024762, 8.0252354, 0.1152462
295.8490030, 89655.9461347, 43132.7676931, -1.6160535, -0.0192408, 8.0368101, 0.1318214
296.6437435, 89655.9060575, 43131.9739638, -1.6391685, -0.0350272, 8.0544175, 0.1476075
297.6042610, 89655.8262333, 43131.0167690, -1.6824305, -0.0485819, 8.0704135, 0.1187305
298.5261695, 89655.6964389, 43130.1040430, -1.7461955, -0.0606408, 8.0816152, 0.0608009
299.3834984, 89655.5159488, 43129.2659284, -1.8189578, -0.0718296, 8.0847391, -0.0055784
300.2976270, 89655.2615948, 43128.3878993, -1.8925264, -0.0803119, 8.0806522, -0.0646692
301.2879910, 89654.9141716, 43127.4604738, -1.9653638, -0.0882702, 8.0698700, -0.1077465
302.2408393, 89654.5151136, 43126.5952151, -2.0461658, -0.0946501, 8.0553187, -0.1162168
303.1545872, 89654.0607249, 43125.8024566, -2.1386926, -0.0981184, 8.0426826, -0.0889374
304.1348624, 89653.4974629, 43125.0001627, -2.2302494, -0.1031132, 8.0342601, -0.0483791
304.9429468, 89652.9665139, 43124.3909882, -2.3399981, -0.1080361, 8.0314339, -0.0060530
305.8626506, 89652.2971234, 43123.7602971, -2.4399908, -0.1088709, 8.0325065, 0.0177023
306.7909876, 89651.5570045, 43123.1999099, -2.5375212, -0.1086791, 8.0349386, 0.0128599
307.5631012, 89650.8992301, 43122.7955681, -2.6301657, -0.1052784, 8.0349266, 0.0027815
308.3673491, 89650.1833851, 43122.4289885, -2.7164774, -0.0992974, 8.0348558, -0.0120253
309.3218576, 89649.2985837, 43122.0709202, -2.8037577, -0.0961714, 8.0318219, -0.0355451
310.1556801, 89648.4982470, 43121.8369949, -2.8878882, -0.0918747, 8.0267386, -0.0299877
311.0334510, 89647.6425193, 43121.6415165, -2.9556779, -0.0894212, 8.0255391, 0.0013331
311.9676382, 89646.7187640, 43121.5022977, -3.0319863, -0.0882581, 8.0280279, 0.0279840
312.9177985, 89645.7709506, 43121.4355553, -3.1158475, -0.0857731, 8.0331913, 0.0516181
313.9583210, 89644.7305442, 43121.4510993, 3.0884387, -0.0846637, 8.0407952, 0.0708368
314.7598563, 89643.9332381, 43121.5333291, 2.9898544, -0.0831703, 8.0503526, 0.0740542
315.8963932, 89642.8163601, 43121.7438042, 2.9129273, -0.0803335, 8.0588088, 0.0701354
316.8738238, 89641.8764495, 43122.0120177, 2.8240040, -0.0778835, 8.0674803, 0.0954506
317.8927269, 89640.9212882, 43122.3667435, 2.7512371, -0.0731926, 8.0822469, 0.1346175
318.8745355, 89640.0274038, 43122.7728457, 2.6858098, -0.0685424, 8.1005798, 0.1691187
319.8582282, 89639.1571903, 43123.2315173, 2.6231994, -0.0640430, 8.1241174, 0.1961840
320.8621607, 89638.3018589, 43123.7571489, 2.5573876, -0.0576912, 8.1492617, 0.2148011
321.8681358, 89637.4815443, 43124.3394462, 2.4955410, -0.0520834, 8.1770655, 0.1886575
322.8486132, 89636.7164143, 43124.9525628, 2.4421573, -0.0462502, 8.1958661, 0.1058400
323.8777138, 89635.9442215, 43125.6328321, 2.4011739, -0.0395517, 8.2031195, 0.0272285
324.9226855, 89635.1856133, 43126.3514971, 2.3663891, -0.0323163, 8.2022980, -0.0233526
325.9624325, 89634.4553637, 43127.0916385, 2.3390120, -0.0240295, 8.1970960, -0.0594938
326.9382328, 89633.7851855, 43127.8008968, 2.3173907, -0.0173211, 6.5513949, -0.0727392
327.8297914, 89633.1872364, 43128.4622089, 2.3059193, -0.0121024, 4.9073421, -0.0370132
